"H","2025/11/05"
"［データ区分］","［伝票日付］","［伝票No］","［取引状態］","［自社コード］","［自社会員名］","［自社担当者］","［取引先コード］","［取引先名］","［納品場所コード］","［納品場所名］","［納品場所 住所］","［マイカタログID］","［自社管理商品コード］","［商品名］","［規格］","［入数］","［入数単位］","［単価］","［数量］","［単位］","［金額］","［消費税］","［小計］","［課税区分］","［税区分］","［合計 商品本体］","［合計 商品消費税］","［合計 送料本体］","［合計 送料消費税］","［合計 その他］","［総合計］","［発注日］","［発送日］","［納品日］","［受領日］","［取引ID_SYSTEM］","［伝票明細ID_SYSTEM］","［発注送信日］","［発注送信時間］","［送信日］","［送信時間］"
"D","2025/10/01","494089","受領","1000020","ｃａｖａｃａｖａ（株式会社ワルツ）","細川大地","","株式会社カクヤス","","-既定納品場所-","東京都新宿区荒木町9-7ナオビル1階","94928124","","サッポロ  ラガー  中瓶（赤星）　500ML","500ML×20","20.00","本","288.00","4.00","本","1152","0","1152","","外税","3372","0","0","0","0","3372","2025/09/30","2025/10/01","2025/10/01","2025/10/01","1696660859","1","2025/09/30","21:43","2025/10/02","17:26"
"D","2025/10/01","494089","受領","1000020","ｃａｖａｃａｖａ（株式会社ワルツ）","細川大地","","株式会社カクヤス","","-既定納品場所-","東京都新宿区荒木町9-7ナオビル1階","65367630","","サンヘﾟレクﾞリノ  瓶  750（新）　750ML","750ML×12","1.00","本","370.00","6.00","本","2220","0","2220","","外税","","","","","","","2025/09/30","2025/10/01","2025/10/01","2025/10/01","1696660859","2","2025/09/30","21:43","2025/10/02","17:26"
"D","2025/10/01","494186","受領","1000020","ｃａｖａｃａｖａ（株式会社ワルツ）","細川大地","","有限会社ミナト商会","","-既定納品場所-","東京都新宿区荒木町9-7ナオビル1階","65669075","","薄力粉","1kg","1.00","PC","280.00","1.00","PC","280","0","280","","外税","280","0","0","0","0","280","2025/10/01","2025/10/01","2025/10/01","2025/10/01","1696762436","1","2025/10/01","02:31","2025/10/02","17:26"
"D","2025/10/02","494179","受領","1000020","ｃａｖａｃａｖａ（株式会社ワルツ）","細川大地","","株式会社丸昌","","-既定納品場所-","東京都新宿区荒木町9-7ナオビル1階","55950123","","活〆鯛　１．４ｋ　３枚卸し","","0.00","未指定","1600.00","1.70","kg","2720","0","2720","","外税","20618","0","0","0","0","20618","2025/10/01","2025/10/02","2025/10/02","2025/10/02","1696757685","1","2025/10/01","02:05","2025/10/03","14:44"
"D","2025/10/02","494179","受領","1000020","ｃａｖａｃａｖａ（株式会社ワルツ）","細川大地","","株式会社丸昌","","-既定納品場所-","東京都新宿区荒木町9-7ナオビル1階","144864800","","生骨切りハモ　国産","500ｇ","0.00","未指定","2200.00","1.00","PC","2200","0","2200","","外税","","","","","","","2025/10/01","2025/10/02","2025/10/02","2025/10/02","1696757685","2","2025/10/01","02:05","2025/10/03","14:44"
"D","2025/10/02","494179","受領","1000020","ｃａｖａｃａｖａ（株式会社ワルツ）","細川大地","","株式会社丸昌","","-既定納品場所-","東京都新宿区荒木町9-7ナオビル1階","56863229","","地蛤　50ｇ","","0.00","未指定","2400.00","1.02","kg","2448","0","2448","","外税","","","","","","","2025/10/01","2025/10/02","2025/10/02","2025/10/02","1696757685","3","2025/10/01","02:05","2025/10/03","14:44"
"D","2025/10/02","494179","受領","1000020","ｃａｖａｃａｖａ（株式会社ワルツ）","細川大地","","株式会社丸昌","","-既定納品場所-","東京都新宿区荒木町9-7ナオビル1階","123998923","","浅利ストレートエキス","1ｋ入","0.00","未指定","450.00","1.00","PC","450","0","450","","外税","","","","","","","2025/10/01","2025/10/02","2025/10/02","2025/10/02","1696757685","4","2025/10/01","02:05","2025/10/03","14:44"
"D","2025/10/02","494179","受領","1000020","ｃａｖａｃａｖａ（株式会社ワルツ）","細川大地","","株式会社丸昌","","-既定納品場所-","東京都新宿区荒木町9-7ナオビル1階","56863232","","オススメ鮮魚情報","太刀魚","0.00","未指定","4000.00","3.20","kg","12800","0","12800","","外税","","","","","","","2025/10/01","2025/10/02","2025/10/02","2025/10/02","1696757685","5","2025/10/01","02:05","2025/10/03","14:44"
"D","2025/10/02","494180","受領","1000020","ｃａｖａｃａｖａ（株式会社ワルツ）","細川大地","","有限会社ミナト商会","","-既定納品場所-","東京都新宿区荒木町9-7ナオビル1階","77237777","","KURIクリティント（赤ワイン）","3L","1.00","箱","1680.00","1.00","箱","1680","0","1680","","外税","11890","0","0","0","0","11890","2025/10/01","2025/10/02","2025/10/02","2025/10/02","1696761848","1","2025/10/01","02:21","2025/10/03","14:44"
"D","2025/10/02","494180","受領","1000020","ｃａｖａｃａｖａ（株式会社ワルツ）","細川大地","","有限会社ミナト商会","","-既定納品場所-","東京都新宿区荒木町9-7ナオビル1階","90929665","","ジオフーズ　トリュフソース黒","200g","0.00","本","2100.00","1.00","本","2100","0","2100","","外税","","","","","","","2025/10/01","2025/10/02","2025/10/02","2025/10/02","1696761848","2","2025/10/01","02:21","2025/10/03","14:44"
"D","2025/10/02","494180","受領","1000020","ｃａｖａｃａｖａ（株式会社ワルツ）","細川大地","","有限会社ミナト商会","","-既定納品場所-","東京都新宿区荒木町9-7ナオビル1階","207016655","","デニオ　ライムパウダー","６０ｇ","1.00","PC","2690.00","1.00","PC","2690","0","2690","","外税","","","","","","","2025/10/01","2025/10/02","2025/10/02","2025/10/02","1696761848","3","2025/10/01","02:21","2025/10/03","14:44"
"D","2025/10/02","494180","受領","1000020","ｃａｖａｃａｖａ（株式会社ワルツ）","細川大地","","有限会社ミナト商会","","-既定納品場所-","東京都新宿区荒木町9-7ナオビル1階","91695533","","デニオ　スマック","６０ｇ","1.00","PC","2000.00","1.00","PC","2000","0","2000","","外税","","","","","","","2025/10/01","2025/10/02","2025/10/02","2025/10/02","1696761848","4","2025/10/01","02:21","2025/10/03","14:44"
"D","2025/10/02","494180","受領","1000020","ｃａｖａｃａｖａ（株式会社ワルツ）","細川大地","","有限会社ミナト商会","","-既定納品場所-","東京都新宿区荒木町9-7ナオビル1階","112984913","","デニオ　砂漠塩　結晶塩","４５ｇ","1.00","個","2140.00","1.00","個","2140","0","2140","","外税","","","","","","","2025/10/01","2025/10/02","2025/10/02","2025/10/02","1696761848","5","2025/10/01","02:21","2025/10/03","14:44"
"D","2025/10/02","494180","受領","1000020","ｃａｖａｃａｖａ（株式会社ワルツ）","細川大地","","有限会社ミナト商会","","-既定納品場所-","東京都新宿区荒木町9-7ナオビル1階","207531737","","Daeterra社　石臼挽栗粉ローストタイプ","500ｇ","0.00","PC","1280.00","1.00","PC","1280","0","1280","","外税","","","","","","","2025/10/01","2025/10/02","2025/10/02","2025/10/02","1696761848","6","2025/10/01","02:21","2025/10/03","14:44"
"D","2025/10/02","494181","受領","1000020","ｃａｖａｃａｖａ（株式会社ワルツ）","細川大地","","株式会社ｅｆｆ","","-既定納品場所-","東京都新宿区荒木町9-7ナオビル1階","64596715","","ズッキーニ","","0.00","本","220.00","1.00","本","220","17","237","","外税","3230","256","0","0","0","3486","2025/10/01","2025/10/02","2025/10/02","2025/10/02","1696761998","1","2025/10/01","02:24","2025/10/03","14:44"
"D","2025/10/02","494181","受領","1000020","ｃａｖａｃａｖａ（株式会社ワルツ）","細川大地","","株式会社ｅｆｆ","","-既定納品場所-","東京都新宿区荒木町9-7ナオビル1階","64597028","","クレソン","","0.00","束","180.00","1.00","束","180","14","194","","外税","","","","","","","2025/10/01","2025/10/02","2025/10/02","2025/10/02","1696761998","2","2025/10/01","02:24","2025/10/03","14:44"
"D","2025/10/02","494181","受領","1000020","ｃａｖａｃａｖａ（株式会社ワルツ）","細川大地","","株式会社ｅｆｆ","","-既定納品場所-","東京都新宿区荒木町9-7ナオビル1階","64596778","","柿","","0.00","個","200.00","3.00","個","600","48","648","","外税","","","","","","","2025/10/01","2025/10/02","2025/10/02","2025/10/02","1696761998","3","2025/10/01","02:24","2025/10/03","14:44"
"D","2025/10/02","494181","受領","1000020","ｃａｖａｃａｖａ（株式会社ワルツ）","細川大地","","株式会社ｅｆｆ","","-既定納品場所-","東京都新宿区荒木町9-7ナオビル1階","134672870","","ピーテンドリル","","0.00","PC","380.00","1.00","PC","380","30","410","","外税","","","","","","","2025/10/01","2025/10/02","2025/10/02","2025/10/02","1696761998","4","2025/10/01","02:24","2025/10/03","14:44"
"D","2025/10/02","494181","受領","1000020","ｃａｖａｃａｖａ（株式会社ワルツ）","細川大地","","株式会社ｅｆｆ","","-既定納品場所-","東京都新宿区荒木町9-7ナオビル1階","64597020","","セルフィーユ/チャービル","","0.00","PC","320.00","1.00","PC","320","25","345","","外税","","","","","","","2025/10/01","2025/10/02","2025/10/02","2025/10/02","1696761998","5","2025/10/01","02:24","2025/10/03","14:44"
"D","2025/10/02","494181","受領","1000020","ｃａｖａｃａｖａ（株式会社ワルツ）","細川大地","","株式会社ｅｆｆ","","-既定納品場所-","東京都新宿区荒木町9-7ナオビル1階","64597018","","ディル/ディール","","0.00","PC","280.00","1.00","PC","280","22","302","","外税","","","","","","","2025/10/01","2025/10/02","2025/10/02","2025/10/02","1696761998","6","2025/10/01","02:24","2025/10/03","14:44"
"D","2025/10/02","494181","受領","1000020","ｃａｖａｃａｖａ（株式会社ワルツ）","細川大地","","株式会社ｅｆｆ","","-既定納品場所-","東京都新宿区荒木町9-7ナオビル1階","64597029","","赤水菜","","0.00","PC","350.00","1.00","PC","350","28","378","","外税","","","","","","","2025/10/01","2025/10/02","2025/10/02","2025/10/02","1696761998","7","2025/10/01","02:24","2025/10/03","14:44"
"D","2025/10/02","494181","受領","1000020","ｃａｖａｃａｖａ（株式会社ワルツ）","細川大地","","株式会社ｅｆｆ","","-既定納品場所-","東京都新宿区荒木町9-7ナオビル1階","64597085","","りんご","","0.00","個","180.00","5.00","個","900","72","972","","外税","","","","","","","2025/10/01","2025/10/02","2025/10/02","2025/10/02","1696761998","8","2025/10/01","02:24","2025/10/03","14:44"
"D","2025/10/02","494182","受領","1000020","ｃａｖａｃａｖａ（株式会社ワルツ）","細川大地","","有限会社ミナト商会","","-既定納品場所-","東京都新宿区荒木町9-7ナオビル1階","82619577","","プレドボブール　フォンドボー","１ｋｇ","1.00","PC","1260.00","1.00","PC","1260","0","1260","","外税","1610","0","0","0","0","1610","2025/10/01","2025/10/02","2025/10/02","2025/10/02","1696762273","1","2025/10/01","02:27","2025/10/03","14:44"
"D","2025/10/02","494182","受領","1000020","ｃａｖａｃａｖａ（株式会社ワルツ）","細川大地","","有限会社ミナト商会","","-既定納品場所-","東京都新宿区荒木町9-7ナオビル1階","207531736","","カッテージチーズ","","1.00","PC","350.00","1.00","PC","350","0","350","","外税","","","","","","","2025/10/01","2025/10/02","2025/10/02","2025/10/02","1696762273","2","2025/10/01","02:27","2025/10/03","14:44"
"D","2025/10/02","494187","受領","1000020","ｃａｖａｃａｖａ（株式会社ワルツ）","細川大地","","株式会社東京めいらく","","-既定納品場所-","東京都新宿区荒木町9-7ナオビル1階","56150519","","北海道フレッシュクリーム３８％　１Ｌ","１Ｌ","1.00","本","1166.00","1.00","本","1166","0","1166","","外税","2329","0","0","0","0","2329","2025/10/01","2025/10/01","2025/10/02","2025/10/02","1696762666","1","2025/10/01","02:33","2025/10/03","14:44"
"D","2025/10/02","494187","受領","1000020","ｃａｖａｃａｖａ（株式会社ワルツ）","細川大地","","株式会社東京めいらく","","-既定納品場所-","東京都新宿区荒木町9-7ナオビル1階","56150488","","パーチバター（無塩）よつ葉","４５０ｇ","30.00","C/S","918.00","1.00","個","918","0","918","","外税","","","","","","","2025/10/01","2025/10/01","2025/10/02","2025/10/02","1696762666","2","2025/10/01","02:33","2025/10/03","14:44"
"D","2025/10/02","494187","受領","1000020","ｃａｖａｃａｖａ（株式会社ワルツ）","細川大地","","株式会社東京めいらく","","-既定納品場所-","東京都新宿区荒木町9-7ナオビル1階","56150496","","牛乳","１Ｌ　成分無調整","12.00","C/S","245.00","1.00","本","245","0","245","","外税","","","","","","","2025/10/01","2025/10/01","2025/10/02","2025/10/02","1696762666","3","2025/10/01","02:33","2025/10/03","14:44"
"D","2025/10/02","494189","受領","1000020","ｃａｖａｃａｖａ（株式会社ワルツ）","細川大地","","株式会社ｅｆｆ","","-既定納品場所-","東京都新宿区荒木町9-7ナオビル1階","64596592","","みょうが","","0.00","PC","220.00","6.00","PC","1320","105","1425","","外税","6660","532","0","0","0","7192","2025/10/01","2025/10/01","2025/10/02","2025/10/02","1696763144","1","2025/10/01","02:40","2025/10/03","14:44"
"D","2025/10/02","494189","受領","1000020","ｃａｖａｃａｖａ（株式会社ワルツ）","細川大地","","株式会社ｅｆｆ","","-既定納品場所-","東京都新宿区荒木町9-7ナオビル1階","106397859","","新生姜","","0.00","kg","1500.00","0.36","kg","540","43","583","","外税","","","","","","","2025/10/01","2025/10/01","2025/10/02","2025/10/02","1696763144","2","2025/10/01","02:40","2025/10/03","14:44"
"D","2025/10/02","494189","受領","1000020","ｃａｖａｃａｖａ（株式会社ワルツ）","細川大地","","株式会社ｅｆｆ","","-既定納品場所-","東京都新宿区荒木町9-7ナオビル1階","64596983","","バラシャンピ","","0.00","箱","1200.00","4.00","C/S","4800","384","5184","","外税","","","","","","","2025/10/01","2025/10/01","2025/10/02","2025/10/02","1696763144","3","2025/10/01","02:40","2025/10/03","14:44"
"D","2025/10/02","494190","受領","1000020","ｃａｖａｃａｖａ（株式会社ワルツ）","細川大地","","株式会社ｅｆｆ","","-既定納品場所-","東京都新宿区荒木町9-7ナオビル1階","66753360","","洋梨","","0.00","個","300.00","3.00","個","900","72","972","","外税","900","72","0","0","0","972","2025/10/01","2025/10/01","2025/10/02","2025/10/02","1696763303","1","2025/10/01","02:43","2025/10/03","14:44"
"D","2025/10/02","494365","受領","1000020","ｃａｖａｃａｖａ（株式会社ワルツ）","板川　与志人","","株式会社穂高リネンサプライ","","-既定納品場所-","東京都新宿区荒木町9-7ナオビル1階","66177757","","ナフキン","","0.00","未指定","35.00","9.00","枚","315","0","315","","外税","450","0","0","0","0","450","","2025/10/02","2025/10/02","2025/10/02","1697133277","1","","","2025/10/03","14:44"
"D","2025/10/02","494365","受領","1000020","ｃａｖａｃａｖａ（株式会社ワルツ）","板川　与志人","","株式会社穂高リネンサプライ","","-既定納品場所-","東京都新宿区荒木町9-7ナオビル1階","66106839","","Ｙシャツ","","0.00","枚","135.00","1.00","枚","135","0","135","","外税","","","","","","","","2025/10/02","2025/10/02","2025/10/02","1697133277","2","","","2025/10/03","14:44"
"D","2025/10/02","494410","受領","1000020","ｃａｖａｃａｖａ（株式会社ワルツ）","細川大地","","株式会社丸昌","","-既定納品場所-","東京都新宿区荒木町9-7ナオビル1階","56863229","","地蛤　50ｇ","","0.00","未指定","2400.00","1.04","kg","2496","0","2496","","外税","2496","0","0","0","0","2496","2025/10/01","2025/10/02","2025/10/02","2025/10/02","1697205871","1","2025/10/01","22:48","2025/10/03","14:44"
"D","2025/10/02","494411","受領","1000020","ｃａｖａｃａｖａ（株式会社ワルツ）","細川大地","","株式会社ｅｆｆ","","-既定納品場所-","東京都新宿区荒木町9-7ナオビル1階","64596755","","じゃがいも","","0.00","kg","350.00","3.14","kg","1099","87","1186","","外税","1099","87","0","0","0","1186","2025/10/01","2025/10/01","2025/10/02","2025/10/02","1697206830","1","2025/10/01","22:49","2025/10/03","14:44"
"D","2025/10/02","494414","受領","1000020","ｃａｖａｃａｖａ（株式会社ワルツ）","細川大地","","有限会社ミナト商会","","-既定納品場所-","東京都新宿区荒木町9-7ナオビル1階","155474439","","レモデナ　ザクロ　バルサミコ","250ｍｌ","1.00","本","1900.00","1.00","本","1900","0","1900","","外税","4500","0","0","0","0","4500","2025/10/01","2025/10/02","2025/10/02","2025/10/02","1697209574","1","2025/10/01","22:53","2025/10/03","14:44"
"D","2025/10/02","494414","受領","1000020","ｃａｖａｃａｖａ（株式会社ワルツ）","細川大地","","有限会社ミナト商会","","-既定納品場所-","東京都新宿区荒木町9-7ナオビル1階","94851603","","バルサミコクリーム（モンテ）","250ml","0.00","本","980.00","1.00","本","980","0","980","","外税","","","","","","","2025/10/01","2025/10/02","2025/10/02","2025/10/02","1697209574","2","2025/10/01","22:53","2025/10/03","14:44"
"D","2025/10/02","494414","受領","1000020","ｃａｖａｃａｖａ（株式会社ワルツ）","細川大地","","有限会社ミナト商会","","-既定納品場所-","東京都新宿区荒木町9-7ナオビル1階","129665955","","トマトコーポ　レモン果汁100％濃縮還元（伊）","1L","0.00","本","520.00","1.00","本","520","0","520","","外税","","","","","","","2025/10/01","2025/10/02","2025/10/02","2025/10/02","1697209574","3","2025/10/01","22:53","2025/10/03","14:44"
"D","2025/10/02","494414","受領","1000020","ｃａｖａｃａｖａ（株式会社ワルツ）","細川大地","","有限会社ミナト商会","","-既定納品場所-","東京都新宿区荒木町9-7ナオビル1階","133201663","","シークラムジュース","1.36L","0.00","缶","1100.00","1.00","缶","1100","0","1100","","外税","","","","","","","2025/10/01","2025/10/02","2025/10/02","2025/10/02","1697209574","4","2025/10/01","22:53","2025/10/03","14:44"
"D","2025/10/03","494566","受領","1000020","ｃａｖａｃａｖａ（株式会社ワルツ）","板川　与志人","","株式会社武蔵屋","","-既定納品場所-","東京都新宿区荒木町9-7ナオビル1階","207427835","","ラ・グランダム 2015 ヴーヴ・クリコ・ポンサルダン","750ml","1.00","本","12220.00","2.00","本","24440","2444","26884","","外税","24440","2444","0","0","0","26884","","2025/10/03","2025/10/03","2025/10/03","1697404870","1","","","2025/10/04","13:28"
"D","2025/10/03","494571","受領","1000020","ｃａｖａｃａｖａ（株式会社ワルツ）","細川大地","","株式会社東京めいらく","","-既定納品場所-","東京都新宿区荒木町9-7ナオビル1階","56150488","","パーチバター（無塩）よつ葉","４５０ｇ","30.00","C/S","918.00","1.00","個","918","0","918","","外税","2674","0","0","0","0","2674","2025/10/02","2025/10/02","2025/10/03","2025/10/03","1697437789","1","2025/10/02","12:52","2025/10/04","13:28"
"D","2025/10/03","494571","受領","1000020","ｃａｖａｃａｖａ（株式会社ワルツ）","細川大地","","株式会社東京めいらく","","-既定納品場所-","東京都新宿区荒木町9-7ナオビル1階","56150519","","北海道フレッシュクリーム３８％　１Ｌ","１Ｌ","1.00","本","1166.00","1.00","本","1166","0","1166","","外税","","","","","","","2025/10/02","2025/10/02","2025/10/03","2025/10/03","1697437789","2","2025/10/02","12:52","2025/10/04","13:28"
"D","2025/10/03","494571","受領","1000020","ｃａｖａｃａｖａ（株式会社ワルツ）","細川大地","","株式会社東京めいらく","","-既定納品場所-","東京都新宿区荒木町9-7ナオビル1階","67893516","","Ｆ）スポンジケーキ６号","","12.00","C/S","590.00","1.00","箱","590","0","590","","外税","","","","","","","2025/10/02","2025/10/02","2025/10/03","2025/10/03","1697437789","3","2025/10/02","12:52","2025/10/04","13:28"
"D","2025/10/03","494715","受領","1000020","ｃａｖａｃａｖａ（株式会社ワルツ）","細川大地","","株式会社カクヤス","","-既定納品場所-","東京都新宿区荒木町9-7ナオビル1階","55950645","","ウィルキンソン タンサン　ペット 500ML","500ＭＬ × 1本","24.00","本","134.00","6.00","本","804","0","804","","外税","804","0","0","0","0","804","2025/10/02","2025/10/03","2025/10/03","2025/10/03","1697701869","1","2025/10/02","21:36","2025/10/04","13:28"
"D","2025/10/03","494902","受領","1000020","ｃａｖａｃａｖａ（株式会社ワルツ）","板川　与志人","","有限会社ミナト商会","","-既定納品場所-","東京都新宿区荒木町9-7ナオビル1階","64672280","","モンサンミッシェル　ムール貝","不定貫　１ｋｇ","0.00","kg","3700.00","2.00","PC","7400","0","7400","","外税","7400","0","0","0","0","7400","","2025/10/03","2025/10/03","2025/10/03","1698066701","1","","","2025/10/04","13:28"
"D","2025/10/03","494904","受領","1000020","ｃａｖａｃａｖａ（株式会社ワルツ）","板川　与志人","","有限会社ミナト商会","","-既定納品場所-","東京都新宿区荒木町9-7ナオビル1階","188198443","","日清製粉　ロレンス","10ｋｇ","1.00","袋","4850.00","1.00","袋","4850","0","4850","","外税","4850","0","0","0","0","4850","","2025/10/03","2025/10/03","2025/10/03","1698067088","1","","","2025/10/04","13:28"
"D","2025/10/03","494905","受領","1000020","ｃａｖａｃａｖａ（株式会社ワルツ）","板川　与志人","","有限会社ミナト商会","","-既定納品場所-","東京都新宿区荒木町9-7ナオビル1階","199985437","","オイシイパン粉 5ﾒ","400g","1.00","PC","230.00","1.00","PC","230","0","230","","外税","3372","0","0","0","0","3372","","2025/10/03","2025/10/03","2025/10/03","1698067437","1","","","2025/10/04","13:28"
"D","2025/10/03","494905","受領","1000020","ｃａｖａｃａｖａ（株式会社ワルツ）","板川　与志人","","有限会社ミナト商会","","-既定納品場所-","東京都新宿区荒木町9-7ナオビル1階","128656927","","タレッジョチーズ","約500ｇ不定貫","0.00","g","5.30","593.00","g","3142","0","3142","","外税","","","","","","","","2025/10/03","2025/10/03","2025/10/03","1698067437","2","","","2025/10/04","13:28"
"D","2025/10/03","497209","受領","1000020","ｃａｖａｃａｖａ（株式会社ワルツ）","板川　与志人","","株式会社ＴＡＴＳＵＭＩ","","-既定納品場所-","東京都新宿区荒木町9-7ナオビル1階","208840618","","ドミニク ローラン  ブルゴーニュ コートドール Ｎｏ１【＇２１】","750ml","1.00","本","3000.00","3.00","本","9000","0","9000","","外税","9000","0","0","0","0","9000","","2025/10/03","2025/10/03","2025/10/03","1702568132","1","","","2025/10/14","16:41"
"D","2025/10/04","494918","受領","1000020","ｃａｖａｃａｖａ（株式会社ワルツ）","細川大地","","株式会社丸昌","","-既定納品場所-","東京都新宿区荒木町9-7ナオビル1階","55950163","","活〆鯛　２ｋ","","0.00","本","1600.00","2.00","kg","3200","0","3200","","外税","16500","0","0","0","0","16500","2025/10/03","2025/10/04","2025/10/04","2025/10/04","1698105410","1","2025/10/03","17:11","2025/10/07","13:35"
"D","2025/10/04","494918","受領","1000020","ｃａｖａｃａｖａ（株式会社ワルツ）","細川大地","","株式会社丸昌","","-既定納品場所-","東京都新宿区荒木町9-7ナオビル1階","56863232","","オススメ鮮魚情報","ヒラメ","0.00","未指定","3500.00","3.80","kg","13300","0","13300","","外税","","","","","","","2025/10/03","2025/10/04","2025/10/04","2025/10/04","1698105410","2","2025/10/03","17:11","2025/10/07","13:35"
"D","2025/10/04","494942","受領","1000020","ｃａｖａｃａｖａ（株式会社ワルツ）","細川大地","","株式会社カクヤス","","-既定納品場所-","東京都新宿区荒木町9-7ナオビル1階","170162376","","アクアパンナ瓶　750ML","７５０ML","12.00","本","370.00","3.00","本","1110","0","1110","","外税","2220","0","0","0","0","2220","2025/10/03","2025/10/04","2025/10/04","2025/10/04","1698143346","1","2025/10/03","18:49","2025/10/07","13:35"
"D","2025/10/04","494942","受領","1000020","ｃａｖａｃａｖａ（株式会社ワルツ）","細川大地","","株式会社カクヤス","","-既定納品場所-","東京都新宿区荒木町9-7ナオビル1階","65367630","","サンヘﾟレクﾞリノ  瓶  750（新）　750ML","750ML×12","1.00","本","370.00","3.00","本","1110","0","1110","","外税","","","","","","","2025/10/03","2025/10/04","2025/10/04","2025/10/04","1698143346","2","2025/10/03","18:49","2025/10/07","13:35"
"D","2025/10/04","495377","受領","1000020","ｃａｖａｃａｖａ（株式会社ワルツ）","細川大地","","株式会社丸昌","","-既定納品場所-","東京都新宿区荒木町9-7ナオビル1階","55950163","","活〆鯛　２ｋ","","0.00","本","1600.00","-2.00","kg","-3200","0","-3200","","外税","-3200","0","0","0","0","-3200","","2025/10/06","2025/10/04","2025/10/04","1699031977","1","","","2025/10/07","13:35"
"D","2025/10/06","495156","受領","1000020","ｃａｖａｃａｖａ（株式会社ワルツ）","板川　与志人","","株式会社穂高リネンサプライ","","-既定納品場所-","東京都新宿区荒木町9-7ナオビル1階","66177757","","ナフキン","","0.00","未指定","35.00","14.00","枚","490","0","490","","外税","760","0","0","0","0","760","","2025/10/06","2025/10/06","2025/10/06","1698482720","1","","","2025/10/07","13:35"
"D","2025/10/06","495156","受領","1000020","ｃａｖａｃａｖａ（株式会社ワルツ）","板川　与志人","","株式会社穂高リネンサプライ","","-既定納品場所-","東京都新宿区荒木町9-7ナオビル1階","66106839","","Ｙシャツ","","0.00","枚","135.00","2.00","枚","270","0","270","","外税","","","","","","","","2025/10/06","2025/10/06","2025/10/06","1698482720","2","","","2025/10/07","13:35"
"D","2025/10/07","495435","受領","1000020","ｃａｖａｃａｖａ（株式会社ワルツ）","板川　与志人","","株式会社武蔵屋","","-既定納品場所-","東京都新宿区荒木町9-7ナオビル1階","203967329","","セントタマーシュ アスー 白 セントタマーシュ・ヴィンヤーズ","500ml","1.00","本","9850.00","2.00","本","19700","1970","21670","","外税","19700","1970","0","0","0","21670","","2025/10/07","2025/10/07","2025/10/07","1699253407","1","","","2025/10/07","13:35"
"D","2025/10/07","500714","受領","1000020","ｃａｖａｃａｖａ（株式会社ワルツ）","板川　与志人","","株式会社愛宕小西","","-既定納品場所-","東京都新宿区荒木町9-7ナオビル1階","208729330","","ヘス　パンテラ　シャルドネ　２３","","0.00","未指定","4800.00","3.00","本","14400","0","14400","","外税","14400","0","0","0","0","14400","","2025/10/07","2025/10/07","2025/10/07","1709856801","1","","","2025/10/31","11:38"
"D","2025/10/09","495916","受領","1000020","ｃａｖａｃａｖａ（株式会社ワルツ）","細川大地","","有限会社ミナト商会","","-既定納品場所-","東京都新宿区荒木町9-7ナオビル1階","207531736","","カッテージチーズ","","1.00","PC","350.00","1.00","PC","350","0","350","","外税","2510","0","0","0","0","2510","2025/10/08","2025/10/09","2025/10/09","2025/10/09","1700170408","1","2025/10/08","17:23","2025/10/09","18:39"
"D","2025/10/09","495916","受領","1000020","ｃａｖａｃａｖａ（株式会社ワルツ）","細川大地","","有限会社ミナト商会","","-既定納品場所-","東京都新宿区荒木町9-7ナオビル1階","92947319","","クラフト　フィラデルフィア　クリームチーズ","200ｇ","0.00","ヶ","480.00","1.00","ヶ","480","0","480","","外税","","","","","","","2025/10/08","2025/10/09","2025/10/09","2025/10/09","1700170408","2","2025/10/08","17:23","2025/10/09","18:39"
"D","2025/10/09","495916","受領","1000020","ｃａｖａｃａｖａ（株式会社ワルツ）","細川大地","","有限会社ミナト商会","","-既定納品場所-","東京都新宿区荒木町9-7ナオビル1階","77237778","","KULクリブランコ白ワイン","3L","1.00","箱","1680.00","1.00","箱","1680","0","1680","","外税","","","","","","","2025/10/08","2025/10/09","2025/10/09","2025/10/09","1700170408","3","2025/10/08","17:23","2025/10/09","18:39"
"D","2025/10/09","495918","受領","1000020","ｃａｖａｃａｖａ（株式会社ワルツ）","細川大地","","株式会社ｅｆｆ","","-既定納品場所-","東京都新宿区荒木町9-7ナオビル1階","64597032","","マイクロリーフ","","0.00","PC","280.00","1.00","PC","280","22","302","","外税","1240","98","0","0","0","1338","2025/10/08","2025/10/08","2025/10/09","2025/10/09","1700173695","1","2025/10/08","17:30","2025/10/09","18:39"
"D","2025/10/09","495918","受領","1000020","ｃａｖａｃａｖａ（株式会社ワルツ）","細川大地","","株式会社ｅｆｆ","","-既定納品場所-","東京都新宿区荒木町9-7ナオビル1階","155474463","","マイクロパースレー","","0.00","PC","380.00","1.00","PC","380","30","410","","外税","","","","","","","2025/10/08","2025/10/08","2025/10/09","2025/10/09","1700173695","2","2025/10/08","17:30","2025/10/09","18:39"
"D","2025/10/09","495918","受領","1000020","ｃａｖａｃａｖａ（株式会社ワルツ）","細川大地","","株式会社ｅｆｆ","","-既定納品場所-","東京都新宿区荒木町9-7ナオビル1階","64597029","","赤水菜","","0.00","PC","350.00","1.00","PC","350","28","378","","外税","","","","","","","2025/10/08","2025/10/08","2025/10/09","2025/10/09","1700173695","3","2025/10/08","17:30","2025/10/09","18:39"
"D","2025/10/09","495918","受領","1000020","ｃａｖａｃａｖａ（株式会社ワルツ）","細川大地","","株式会社ｅｆｆ","","-既定納品場所-","東京都新宿区荒木町9-7ナオビル1階","64597039","","スペアミント","","0.00","PC","230.00","1.00","PC","230","18","248","","外税","","","","","","","2025/10/08","2025/10/08","2025/10/09","2025/10/09","1700173695","4","2025/10/08","17:30","2025/10/09","18:39"
"D","2025/10/09","495921","受領","1000020","ｃａｖａｃａｖａ（株式会社ワルツ）","細川大地","","株式会社カクヤス","","-既定納品場所-","東京都新宿区荒木町9-7ナオビル1階","55950645","","ウィルキンソン タンサン　ペット 500ML","500ＭＬ × 1本","24.00","本","134.00","1.00","本","134","0","134","","外税","134","0","0","0","0","134","2025/10/08","2025/10/09","2025/10/09","2025/10/09","1700175764","1","2025/10/08","17:34","2025/10/09","18:39"
"D","2025/10/09","495922","受領","1000020","ｃａｖａｃａｖａ（株式会社ワルツ）","細川大地","","鈴商ミートサプライ株式会社","","-既定納品場所-","東京都新宿区荒木町9-7ナオビル1階","195473932","","山西牧場 三右衛門 豚粗挽き","","0.00","未指定","1600.00","2.00","kg","3200","0","3200","","外税","5632","0","0","0","0","5632","2025/10/08","2025/10/09","2025/10/09","2025/10/09","1700177397","1","2025/10/08","17:37","2025/10/10","14:32"
"D","2025/10/09","495922","受領","1000020","ｃａｖａｃａｖａ（株式会社ワルツ）","細川大地","","鈴商ミートサプライ株式会社","","-既定納品場所-","東京都新宿区荒木町9-7ナオビル1階","195474027","","ベーコンスライス","kg","0.00","kg","2000.00","1.00","kg","2000","0","2000","","外税","","","","","","","2025/10/08","2025/10/09","2025/10/09","2025/10/09","1700177397","2","2025/10/08","17:37","2025/10/10","14:32"
"D","2025/10/09","495922","受領","1000020","ｃａｖａｃａｖａ（株式会社ワルツ）","細川大地","","鈴商ミートサプライ株式会社","","-既定納品場所-","東京都新宿区荒木町9-7ナオビル1階","209242632","","ハート無鶏レバー","2kg入","0.00","PC","800.00","0.54","kg","432","0","432","","外税","","","","","","","2025/10/08","2025/10/09","2025/10/09","2025/10/09","1700177397","3","2025/10/08","17:37","2025/10/10","14:32"
"D","2025/10/09","495923","受領","1000020","ｃａｖａｃａｖａ（株式会社ワルツ）","細川大地","","有限会社ミナト商会","","-既定納品場所-","東京都新宿区荒木町9-7ナオビル1階","76327078","","ココナッツファイン","1ｋｇ","0.00","袋","1610.00","1.00","袋","1610","0","1610","","外税","1820","0","0","0","0","1820","2025/10/08","2025/10/09","2025/10/09","2025/10/09","1700178815","1","2025/10/08","17:40","2025/10/09","18:39"
"D","2025/10/09","495923","受領","1000020","ｃａｖａｃａｖａ（株式会社ワルツ）","細川大地","","有限会社ミナト商会","","-既定納品場所-","東京都新宿区荒木町9-7ナオビル1階","101528218","","ＡＹ　ココナッツミルク","420ｇ","1.00","缶","370.00","0.00","缶","0","0","0","","外税","","","","","","","2025/10/08","2025/10/09","2025/10/09","2025/10/09","1700178815","2","2025/10/08","17:40","2025/10/09","18:39"
"D","2025/10/09","495923","受領","1000020","ｃａｖａｃａｖａ（株式会社ワルツ）","細川大地","","有限会社ミナト商会","","-既定納品場所-","東京都新宿区荒木町9-7ナオビル1階","142021038","","トマトコーポ　ココナッツミルク","400ml","0.00","本","210.00","1.00","本","210","0","210","","外税","","","","","","","2025/10/08","2025/10/09","2025/10/09","2025/10/09","1700178815","3","2025/10/08","17:40","2025/10/09","18:39"
"D","2025/10/09","495971","受領","1000020","ｃａｖａｃａｖａ（株式会社ワルツ）","板川　与志人","","株式会社穂高リネンサプライ","","-既定納品場所-","東京都新宿区荒木町9-7ナオビル1階","66177757","","ナフキン","","0.00","未指定","35.00","7.00","枚","245","0","245","","外税","950","0","0","0","0","950","","2025/10/09","2025/10/09","2025/10/09","1700215519","1","","","2025/10/09","18:39"
"D","2025/10/09","495971","受領","1000020","ｃａｖａｃａｖａ（株式会社ワルツ）","板川　与志人","","株式会社穂高リネンサプライ","","-既定納品場所-","東京都新宿区荒木町9-7ナオビル1階","66106839","","Ｙシャツ","","0.00","枚","135.00","2.00","枚","270","0","270","","外税","","","","","","","","2025/10/09","2025/10/09","2025/10/09","1700215519","2","","","2025/10/09","18:39"
"D","2025/10/09","495971","受領","1000020","ｃａｖａｃａｖａ（株式会社ワルツ）","板川　与志人","","株式会社穂高リネンサプライ","","-既定納品場所-","東京都新宿区荒木町9-7ナオビル1階","66010254","","コックコート","","0.00","未指定","145.00","3.00","枚","435","0","435","","外税","","","","","","","","2025/10/09","2025/10/09","2025/10/09","1700215519","3","","","2025/10/09","18:39"
"D","2025/10/10","495714","受領","1000020","ｃａｖａｃａｖａ（株式会社ワルツ）","細川大地","","株式会社ＴＡＴＳＵＭＩ","","-既定納品場所-","東京都新宿区荒木町9-7ナオビル1階","168967634","","トンマーゾ：イントッソ ［ＥＸＶオリーブオイル］ ５００ｍｌ","500ml","1.00","本","2900.00","1.00","本","2900","0","2900","","外税","2900","0","0","0","0","2900","2025/10/07","2025/10/10","2025/10/10","2025/10/10","1699833111","1","2025/10/07","21:47","2025/10/14","16:41"
"D","2025/10/10","495915","受領","1000020","ｃａｖａｃａｖａ（株式会社ワルツ）","細川大地","","株式会社東京めいらく","","-既定納品場所-","東京都新宿区荒木町9-7ナオビル1階","56150519","","北海道フレッシュクリーム３８％　１Ｌ","１Ｌ","1.00","本","1166.00","1.00","本","1166","0","1166","","外税","1411","0","0","0","0","1411","2025/10/08","2025/10/09","2025/10/10","2025/10/10","1700168828","1","2025/10/08","17:19","2025/10/11","17:10"
"D","2025/10/10","495915","受領","1000020","ｃａｖａｃａｖａ（株式会社ワルツ）","細川大地","","株式会社東京めいらく","","-既定納品場所-","東京都新宿区荒木町9-7ナオビル1階","56150496","","牛乳","１Ｌ　成分無調整","12.00","C/S","245.00","1.00","本","245","0","245","","外税","","","","","","","2025/10/08","2025/10/09","2025/10/10","2025/10/10","1700168828","2","2025/10/08","17:19","2025/10/11","17:10"
"D","2025/10/10","496305","受領","1000020","ｃａｖａｃａｖａ（株式会社ワルツ）","細川大地","","株式会社カクヤス","","-既定納品場所-","東京都新宿区荒木町9-7ナオビル1階","94928124","","サッポロ  ラガー  中瓶（赤星）　500ML","500ML×20","20.00","本","288.00","5.00","本","1440","0","1440","","外税","1440","0","0","0","0","1440","2025/10/09","2025/10/10","2025/10/10","2025/10/10","1700773109","1","2025/10/09","20:57","2025/10/11","17:10"
"D","2025/10/10","496357","受領","1000020","ｃａｖａｃａｖａ（株式会社ワルツ）","細川大地","","株式会社丸昌","","-既定納品場所-","東京都新宿区荒木町9-7ナオビル1階","55950163","","活〆鯛　２ｋ","","0.00","本","1600.00","2.40","kg","3840","0","3840","","外税","5640","0","0","0","0","5640","2025/10/09","2025/10/10","2025/10/10","2025/10/10","1700821381","1","2025/10/09","22:13","2025/10/11","17:10"
"D","2025/10/10","496357","受領","1000020","ｃａｖａｃａｖａ（株式会社ワルツ）","細川大地","","株式会社丸昌","","-既定納品場所-","東京都新宿区荒木町9-7ナオビル1階","55950137","","あさり （大）","","0.00","","1800.00","1.00","kg","1800","0","1800","","外税","","","","","","","2025/10/09","2025/10/10","2025/10/10","2025/10/10","1700821381","2","2025/10/09","22:13","2025/10/11","17:10"
"D","2025/10/13","496936","受領","1000020","ｃａｖａｃａｖａ（株式会社ワルツ）","板川　与志人","","株式会社穂高リネンサプライ","","-既定納品場所-","東京都新宿区荒木町9-7ナオビル1階","66106839","","Ｙシャツ","","0.00","枚","135.00","2.00","枚","270","0","270","","外税","515","0","0","0","0","515","","2025/10/13","2025/10/13","2025/10/13","1702035429","1","","","2025/10/14","16:41"
"D","2025/10/13","496936","受領","1000020","ｃａｖａｃａｖａ（株式会社ワルツ）","板川　与志人","","株式会社穂高リネンサプライ","","-既定納品場所-","東京都新宿区荒木町9-7ナオビル1階","66177757","","ナフキン","","0.00","未指定","35.00","7.00","枚","245","0","245","","外税","","","","","","","","2025/10/13","2025/10/13","2025/10/13","1702035429","2","","","2025/10/14","16:41"
"D","2025/10/14","497176","受領","1000020","ｃａｖａｃａｖａ（株式会社ワルツ）","細川大地","","株式会社ｅｆｆ","","-既定納品場所-","東京都新宿区荒木町9-7ナオビル1階","64597028","","クレソン","","0.00","束","180.00","2.00","束","360","28","388","","外税","1010","80","0","0","0","1090","2025/10/14","2025/10/14","2025/10/14","2025/10/14","1702452676","1","2025/10/14","02:00","2025/10/15","15:43"
"D","2025/10/14","497176","受領","1000020","ｃａｖａｃａｖａ（株式会社ワルツ）","細川大地","","株式会社ｅｆｆ","","-既定納品場所-","東京都新宿区荒木町9-7ナオビル1階","64597029","","赤水菜","","0.00","PC","350.00","1.00","PC","350","28","378","","外税","","","","","","","2025/10/14","2025/10/14","2025/10/14","2025/10/14","1702452676","2","2025/10/14","02:00","2025/10/15","15:43"
"D","2025/10/14","497176","受領","1000020","ｃａｖａｃａｖａ（株式会社ワルツ）","細川大地","","株式会社ｅｆｆ","","-既定納品場所-","東京都新宿区荒木町9-7ナオビル1階","64597087","","玉子　パック","Lサイズ","0.00","PC","300.00","1.00","PC","300","24","324","","外税","","","","","","","2025/10/14","2025/10/14","2025/10/14","2025/10/14","1702452676","3","2025/10/14","02:00","2025/10/15","15:43"
"D","2025/10/14","497177","受領","1000020","ｃａｖａｃａｖａ（株式会社ワルツ）","細川大地","","有限会社ミナト商会","","-既定納品場所-","東京都新宿区荒木町9-7ナオビル1階","151614718","","三祐　パルマラット　マスカルポーネ","500ｇ","1.00","ヶ","1230.00","1.00","ヶ","1230","0","1230","","外税","3960","0","0","0","0","3960","2025/10/14","2025/10/14","2025/10/14","2025/10/14","1702455460","1","2025/10/14","02:07","2025/10/15","15:43"
"D","2025/10/14","497177","受領","1000020","ｃａｖａｃａｖａ（株式会社ワルツ）","細川大地","","有限会社ミナト商会","","-既定納品場所-","東京都新宿区荒木町9-7ナオビル1階","207531736","","カッテージチーズ","","1.00","PC","350.00","1.00","PC","350","0","350","","外税","","","","","","","2025/10/14","2025/10/14","2025/10/14","2025/10/14","1702455460","2","2025/10/14","02:07","2025/10/15","15:43"
"D","2025/10/14","497177","受領","1000020","ｃａｖａｃａｖａ（株式会社ワルツ）","細川大地","","有限会社ミナト商会","","-既定納品場所-","東京都新宿区荒木町9-7ナオビル1階","101528218","","ＡＹ　ココナッツミルク","420ｇ","1.00","缶","370.00","0.00","缶","0","0","0","","外税","","","","","","","2025/10/14","2025/10/14","2025/10/14","2025/10/14","1702455460","3","2025/10/14","02:07","2025/10/15","15:43"
"D","2025/10/14","497177","受領","1000020","ｃａｖａｃａｖａ（株式会社ワルツ）","細川大地","","有限会社ミナト商会","","-既定納品場所-","東京都新宿区荒木町9-7ナオビル1階","133201663","","シークラムジュース","1.36L","0.00","缶","1100.00","1.00","缶","1100","0","1100","","外税","","","","","","","2025/10/14","2025/10/14","2025/10/14","2025/10/14","1702455460","4","2025/10/14","02:07","2025/10/15","15:43"
"D","2025/10/14","497177","受領","1000020","ｃａｖａｃａｖａ（株式会社ワルツ）","細川大地","","有限会社ミナト商会","","-既定納品場所-","東京都新宿区荒木町9-7ナオビル1階","111407687","","A　中温　栗マロン甘露煮（渋皮付）","1100ｇ","1.00","本","2510.00","0.00","本","0","0","0","","外税","","","","","","","2025/10/14","2025/10/14","2025/10/14","2025/10/14","1702455460","5","2025/10/14","02:07","2025/10/15","15:43"
"D","2025/10/14","497177","受領","1000020","ｃａｖａｃａｖａ（株式会社ワルツ）","細川大地","","有限会社ミナト商会","","-既定納品場所-","東京都新宿区荒木町9-7ナオビル1階","142021038","","トマトコーポ　ココナッツミルク","400ml","0.00","本","210.00","1.00","本","210","0","210","","外税","","","","","","","2025/10/14","2025/10/14","2025/10/14","2025/10/14","1702455460","6","2025/10/14","02:07","2025/10/15","15:43"
"D","2025/10/14","497177","受領","1000020","ｃａｖａｃａｖａ（株式会社ワルツ）","細川大地","","有限会社ミナト商会","","-既定納品場所-","東京都新宿区荒木町9-7ナオビル1階","93524722","","F&B　マロン栗水煮　ホール","400ｇ","0.00","未指定","1070.00","1.00","PC","1070","0","1070","","外税","","","","","","","2025/10/14","2025/10/14","2025/10/14","2025/10/14","1702455460","7","2025/10/14","02:07","2025/10/15","15:43"
"D","2025/10/14","497178","受領","1000020","ｃａｖａｃａｖａ（株式会社ワルツ）","細川大地","","有限会社ミナト商会","","-既定納品場所-","東京都新宿区荒木町9-7ナオビル1階","76327102","","モンテ　アダモ　シチリア産ピスタチオ","200ｇ","0.00","未指定","3490.00","0.00","PC","0","0","0","","外税","5560","0","0","0","0","5560","2025/10/14","2025/10/14","2025/10/14","2025/10/14","1702455916","1","2025/10/14","02:08","2025/10/15","15:43"
"D","2025/10/14","497178","受領","1000020","ｃａｖａｃａｖａ（株式会社ワルツ）","細川大地","","有限会社ミナト商会","","-既定納品場所-","東京都新宿区荒木町9-7ナオビル1階","164995868","","G　ピスタチオ（生ムキ）","1kg","1.00","PC","5560.00","1.00","PC","5560","0","5560","","外税","","","","","","","2025/10/14","2025/10/14","2025/10/14","2025/10/14","1702455916","2","2025/10/14","02:08","2025/10/15","15:43"
"D","2025/10/16","497465","受領","1000020","ｃａｖａｃａｖａ（株式会社ワルツ）","板川　与志人","","株式会社穂高リネンサプライ","","-既定納品場所-","東京都新宿区荒木町9-7ナオビル1階","66177757","","ナフキン","","0.00","未指定","35.00","23.00","枚","805","0","805","","外税","1075","0","0","0","0","1075","","2025/10/16","2025/10/16","2025/10/16","1703191452","1","","","2025/10/17","13:38"
"D","2025/10/16","497465","受領","1000020","ｃａｖａｃａｖａ（株式会社ワルツ）","板川　与志人","","株式会社穂高リネンサプライ","","-既定納品場所-","東京都新宿区荒木町9-7ナオビル1階","66106839","","Ｙシャツ","","0.00","枚","135.00","2.00","枚","270","0","270","","外税","","","","","","","","2025/10/16","2025/10/16","2025/10/16","1703191452","2","","","2025/10/17","13:38"
"D","2025/10/16","497741","受領","1000020","ｃａｖａｃａｖａ（株式会社ワルツ）","細川大地","","株式会社丸昌","","-既定納品場所-","東京都新宿区荒木町9-7ナオビル1階","55950163","","活〆鯛　２ｋ","","0.00","本","1600.00","2.20","kg","3520","0","3520","","外税","3520","0","0","0","0","3520","2025/10/16","2025/10/16","2025/10/16","2025/10/16","1703770326","1","2025/10/16","21:51","2025/10/17","13:38"
"D","2025/10/17","497740","受領","1000020","ｃａｖａｃａｖａ（株式会社ワルツ）","細川大地","","有限会社ミナト商会","","-既定納品場所-","東京都新宿区荒木町9-7ナオビル1階","139875860","","生クリーム　３５％","200ｍｌ","1.00","本","520.00","1.00","個","520","0","520","","外税","3670","0","0","0","0","3670","2025/10/16","2025/10/17","2025/10/17","2025/10/17","1703769979","1","2025/10/16","21:51","2025/10/18","13:24"
"D","2025/10/17","497740","受領","1000020","ｃａｖａｃａｖａ（株式会社ワルツ）","細川大地","","有限会社ミナト商会","","-既定納品場所-","東京都新宿区荒木町9-7ナオビル1階","207531736","","カッテージチーズ","","1.00","PC","350.00","2.00","PC","700","0","700","","外税","","","","","","","2025/10/16","2025/10/17","2025/10/17","2025/10/17","1703769979","2","2025/10/16","21:51","2025/10/18","13:24"
"D","2025/10/17","497740","受領","1000020","ｃａｖａｃａｖａ（株式会社ワルツ）","細川大地","","有限会社ミナト商会","","-既定納品場所-","東京都新宿区荒木町9-7ナオビル1階","76327077","","ライプオリーブ（種なし）","4号","1.00","缶","350.00","2.00","缶","700","0","700","","外税","","","","","","","2025/10/16","2025/10/17","2025/10/17","2025/10/17","1703769979","3","2025/10/16","21:51","2025/10/18","13:24"
"D","2025/10/17","497740","受領","1000020","ｃａｖａｃａｖａ（株式会社ワルツ）","細川大地","","有限会社ミナト商会","","-既定納品場所-","東京都新宿区荒木町9-7ナオビル1階","137639941","","E-殺菌・漂白剤","５ｋｇ","1.00","本","880.00","1.00","本","880","0","880","","外税","","","","","","","2025/10/16","2025/10/17","2025/10/17","2025/10/17","1703769979","4","2025/10/16","21:51","2025/10/18","13:24"
"D","2025/10/17","497740","受領","1000020","ｃａｖａｃａｖａ（株式会社ワルツ）","細川大地","","有限会社ミナト商会","","-既定納品場所-","東京都新宿区荒木町9-7ナオビル1階","121191409","","ファインラップ","30cm×100m","1.00","本","290.00","3.00","本","870","0","870","","外税","","","","","","","2025/10/16","2025/10/17","2025/10/17","2025/10/17","1703769979","5","2025/10/16","21:51","2025/10/18","13:24"
"D","2025/10/17","497743","受領","1000020","ｃａｖａｃａｖａ（株式会社ワルツ）","細川大地","","川島食品株式会社","","-既定納品場所-","東京都新宿区荒木町9-7ナオビル1階","56672171","","バキュームパック150-250１００枚入","","0.00","PC","700.00","2.00","PC","1400","0","1400","","外税","2450","0","0","0","0","2450","2025/10/16","2025/10/17","2025/10/17","2025/10/17","1703771393","3","2025/10/16","21:53","2025/10/18","13:24"
"D","2025/10/17","497743","受領","1000020","ｃａｖａｃａｖａ（株式会社ワルツ）","細川大地","","川島食品株式会社","","-既定納品場所-","東京都新宿区荒木町9-7ナオビル1階","56672172","","バキュームパック200-300１００枚入","","0.00","PC","1050.00","1.00","PC","1050","0","1050","","外税","","","","","","","2025/10/16","2025/10/17","2025/10/17","2025/10/17","1703771393","4","2025/10/16","21:53","2025/10/18","13:24"
"D","2025/10/17","497743","受領","1000020","ｃａｖａｃａｖａ（株式会社ワルツ）","細川大地","","川島食品株式会社","","-既定納品場所-","東京都新宿区荒木町9-7ナオビル1階","56672171","","バキュームパック150-250１００枚入","","0.00","PC","660.00","0.00","PC","0","0","0","","外税","","","","","","","2025/10/16","2025/10/17","2025/10/17","2025/10/17","1703771393","1","2025/10/16","21:53","2025/10/18","13:24"
"D","2025/10/17","497743","受領","1000020","ｃａｖａｃａｖａ（株式会社ワルツ）","細川大地","","川島食品株式会社","","-既定納品場所-","東京都新宿区荒木町9-7ナオビル1階","56672172","","バキュームパック200-300１００枚入","","0.00","PC","1050.00","0.00","PC","0","0","0","","外税","","","","","","","2025/10/16","2025/10/17","2025/10/17","2025/10/17","1703771393","2","2025/10/16","21:53","2025/10/18","13:24"
"D","2025/10/17","497744","受領","1000020","ｃａｖａｃａｖａ（株式会社ワルツ）","細川大地","","株式会社カクヤス","","-既定納品場所-","東京都新宿区荒木町9-7ナオビル1階","94928124","","サッポロ  ラガー  中瓶（赤星）　500ML","500ML×20","20.00","本","288.00","2.00","本","576","0","576","","外税","576","0","0","0","0","576","2025/10/16","2025/10/17","2025/10/17","2025/10/17","1703772471","1","2025/10/16","21:54","2025/10/18","13:24"
"D","2025/10/17","497892","受領","1000020","ｃａｖａｃａｖａ（株式会社ワルツ）","細川大地","","株式会社ｅｆｆ","","-既定納品場所-","東京都新宿区荒木町9-7ナオビル1階","64596764","","アンディーブ","","0.00","本","380.00","1.00","本","380","30","410","","外税","2450","193","0","0","0","2643","2025/10/17","2025/10/17","2025/10/17","2025/10/17","1703866501","1","2025/10/17","00:51","2025/10/18","13:24"
"D","2025/10/17","497892","受領","1000020","ｃａｖａｃａｖａ（株式会社ワルツ）","細川大地","","株式会社ｅｆｆ","","-既定納品場所-","東京都新宿区荒木町9-7ナオビル1階","64597032","","マイクロリーフ","","0.00","PC","280.00","1.00","PC","280","22","302","","外税","","","","","","","2025/10/17","2025/10/17","2025/10/17","2025/10/17","1703866501","2","2025/10/17","00:51","2025/10/18","13:24"
"D","2025/10/17","497892","受領","1000020","ｃａｖａｃａｖａ（株式会社ワルツ）","細川大地","","株式会社ｅｆｆ","","-既定納品場所-","東京都新宿区荒木町9-7ナオビル1階","64597005","","かぶ","5玉","0.00","束","280.00","1.00","束","280","22","302","","外税","","","","","","","2025/10/17","2025/10/17","2025/10/17","2025/10/17","1703866501","3","2025/10/17","00:51","2025/10/18","13:24"
"D","2025/10/17","497892","受領","1000020","ｃａｖａｃａｖａ（株式会社ワルツ）","細川大地","","株式会社ｅｆｆ","","-既定納品場所-","東京都新宿区荒木町9-7ナオビル1階","64596715","","ズッキーニ","","0.00","本","200.00","1.00","本","200","16","216","","外税","","","","","","","2025/10/17","2025/10/17","2025/10/17","2025/10/17","1703866501","4","2025/10/17","00:51","2025/10/18","13:24"
"D","2025/10/17","497892","受領","1000020","ｃａｖａｃａｖａ（株式会社ワルツ）","細川大地","","株式会社ｅｆｆ","","-既定納品場所-","東京都新宿区荒木町9-7ナオビル1階","64597012","","なす","","0.00","PC","250.00","1.00","PC","250","20","270","","外税","","","","","","","2025/10/17","2025/10/17","2025/10/17","2025/10/17","1703866501","5","2025/10/17","00:51","2025/10/18","13:24"
"D","2025/10/17","497892","受領","1000020","ｃａｖａｃａｖａ（株式会社ワルツ）","細川大地","","株式会社ｅｆｆ","","-既定納品場所-","東京都新宿区荒木町9-7ナオビル1階","64596677","","わさび菜","","0.00","PC","150.00","1.00","PC","150","12","162","","外税","","","","","","","2025/10/17","2025/10/17","2025/10/17","2025/10/17","1703866501","6","2025/10/17","00:51","2025/10/18","13:24"
"D","2025/10/17","497892","受領","1000020","ｃａｖａｃａｖａ（株式会社ワルツ）","細川大地","","株式会社ｅｆｆ","","-既定納品場所-","東京都新宿区荒木町9-7ナオビル1階","64596724","","ラディッシュ/ラレシ","","0.00","束","180.00","1.00","束","180","14","194","","外税","","","","","","","2025/10/17","2025/10/17","2025/10/17","2025/10/17","1703866501","7","2025/10/17","00:51","2025/10/18","13:24"
"D","2025/10/17","497892","受領","1000020","ｃａｖａｃａｖａ（株式会社ワルツ）","細川大地","","株式会社ｅｆｆ","","-既定納品場所-","東京都新宿区荒木町9-7ナオビル1階","64596728","","ブロッコリー","","0.00","個","260.00","1.00","個","260","20","280","","外税","","","","","","","2025/10/17","2025/10/17","2025/10/17","2025/10/17","1703866501","8","2025/10/17","00:51","2025/10/18","13:24"
"D","2025/10/17","497892","受領","1000020","ｃａｖａｃａｖａ（株式会社ワルツ）","細川大地","","株式会社ｅｆｆ","","-既定納品場所-","東京都新宿区荒木町9-7ナオビル1階","64597029","","赤水菜","","0.00","PC","350.00","1.00","PC","350","28","378","","外税","","","","","","","2025/10/17","2025/10/17","2025/10/17","2025/10/17","1703866501","9","2025/10/17","00:51","2025/10/18","13:24"
"D","2025/10/17","497892","受領","1000020","ｃａｖａｃａｖａ（株式会社ワルツ）","細川大地","","株式会社ｅｆｆ","","-既定納品場所-","東京都新宿区荒木町9-7ナオビル1階","64596693","","赤別スプラウト/レッドキャベツスプラウト","","0.00","PC","120.00","1.00","PC","120","9","129","","外税","","","","","","","2025/10/17","2025/10/17","2025/10/17","2025/10/17","1703866501","10","2025/10/17","00:51","2025/10/18","13:24"
"D","2025/10/17","499514","受領","1000020","ｃａｖａｃａｖａ（株式会社ワルツ）","板川　与志人","","株式会社カクヤス","","-既定納品場所-","東京都新宿区荒木町9-7ナオビル1階","55950664","","カナタﾞトﾞライ シﾞンシﾞャーエール 瓶　207ML","207ML×24","1.00","本","119.00","4.00","本","476","0","476","","外税","476","0","0","0","0","476","","2025/10/17","2025/10/17","2025/10/17","1707278777","1","","","2025/10/25","11:46"
"D","2025/10/20","498442","受領","1000020","ｃａｖａｃａｖａ（株式会社ワルツ）","板川　与志人","","株式会社穂高リネンサプライ","","-既定納品場所-","東京都新宿区荒木町9-7ナオビル1階","66106851","","カラーエプロン","","0.00","未指定","100.00","1.00","枚","100","0","100","","外税","555","0","0","0","0","555","","2025/10/20","2025/10/20","2025/10/20","1705097795","1","","","2025/10/21","17:13"
"D","2025/10/20","498442","受領","1000020","ｃａｖａｃａｖａ（株式会社ワルツ）","板川　与志人","","株式会社穂高リネンサプライ","","-既定納品場所-","東京都新宿区荒木町9-7ナオビル1階","66177757","","ナフキン","","0.00","未指定","35.00","13.00","枚","455","0","455","","外税","","","","","","","","2025/10/20","2025/10/20","2025/10/20","1705097795","2","","","2025/10/21","17:13"
"D","2025/10/21","498503","受領","1000020","ｃａｖａｃａｖａ（株式会社ワルツ）","細川大地","","株式会社東京めいらく","","-既定納品場所-","東京都新宿区荒木町9-7ナオビル1階","56150496","","牛乳","１Ｌ　成分無調整","12.00","C/S","245.00","2.00","本","490","0","490","","外税","2246","0","0","0","0","2246","2025/10/20","2025/10/21","2025/10/21","2025/10/21","1705329363","1","2025/10/20","16:36","2025/10/22","15:14"
"D","2025/10/21","498503","受領","1000020","ｃａｖａｃａｖａ（株式会社ワルツ）","細川大地","","株式会社東京めいらく","","-既定納品場所-","東京都新宿区荒木町9-7ナオビル1階","56150519","","北海道フレッシュクリーム３８％　１Ｌ","１Ｌ","1.00","本","1166.00","1.00","本","1166","0","1166","","外税","","","","","","","2025/10/20","2025/10/21","2025/10/21","2025/10/21","1705329363","2","2025/10/20","16:36","2025/10/22","15:14"
"D","2025/10/21","498503","受領","1000020","ｃａｖａｃａｖａ（株式会社ワルツ）","細川大地","","株式会社東京めいらく","","-既定納品場所-","東京都新宿区荒木町9-7ナオビル1階","202366639","","ケーキ用ホイップ　１Ｌ","１Ｌ","12.00","C/S","590.00","1.00","本","590","0","590","","外税","","","","","","","2025/10/20","2025/10/21","2025/10/21","2025/10/21","1705329363","3","2025/10/20","16:36","2025/10/22","15:14"
"D","2025/10/21","498508","受領","1000020","ｃａｖａｃａｖａ（株式会社ワルツ）","細川大地","","株式会社丸昌","","-既定納品場所-","東京都新宿区荒木町9-7ナオビル1階","55950163","","活〆鯛　２ｋ","","0.00","本","1600.00","1.90","kg","3040","0","3040","","外税","3040","0","0","0","0","3040","2025/10/20","2025/10/21","2025/10/21","2025/10/21","1705338886","1","2025/10/20","16:51","2025/10/22","15:14"
"D","2025/10/21","498509","受領","1000020","ｃａｖａｃａｖａ（株式会社ワルツ）","細川大地","","有限会社ミナト商会","","-既定納品場所-","東京都新宿区荒木町9-7ナオビル1階","64828557","","サバトン　マロンペースト","1kg","1.00","缶","2290.00","1.00","缶","2290","0","2290","","外税","4450","0","0","0","0","4450","2025/10/20","2025/10/21","2025/10/21","2025/10/21","1705339736","1","2025/10/20","16:52","2025/10/22","15:14"
"D","2025/10/21","498509","受領","1000020","ｃａｖａｃａｖａ（株式会社ワルツ）","細川大地","","有限会社ミナト商会","","-既定納品場所-","東京都新宿区荒木町9-7ナオビル1階","92947319","","クラフト　フィラデルフィア　クリームチーズ","200ｇ","0.00","ヶ","480.00","1.00","ヶ","480","0","480","","外税","","","","","","","2025/10/20","2025/10/21","2025/10/21","2025/10/21","1705339736","2","2025/10/20","16:52","2025/10/22","15:14"
"D","2025/10/21","498509","受領","1000020","ｃａｖａｃａｖａ（株式会社ワルツ）","細川大地","","有限会社ミナト商会","","-既定納品場所-","東京都新宿区荒木町9-7ナオビル1階","77237778","","KULクリブランコ白ワイン","3L","1.00","箱","1680.00","1.00","箱","1680","0","1680","","外税","","","","","","","2025/10/20","2025/10/21","2025/10/21","2025/10/21","1705339736","3","2025/10/20","16:52","2025/10/22","15:14"
"D","2025/10/21","498510","受領","1000020","ｃａｖａｃａｖａ（株式会社ワルツ）","細川大地","","有限会社ミナト商会","","-既定納品場所-","東京都新宿区荒木町9-7ナオビル1階","168117861","","ABRIL社　スペイン産　EXVオリーブオイル","５Ｌ","1.00","本","5900.00","1.00","本","5900","0","5900","","外税","5900","0","0","0","0","5900","2025/10/20","2025/10/21","2025/10/21","2025/10/21","1705340143","1","2025/10/20","16:53","2025/10/22","15:14"
"D","2025/10/21","498658","受領","1000020","ｃａｖａｃａｖａ（株式会社ワルツ）","細川大地","","株式会社ｅｆｆ","","-既定納品場所-","東京都新宿区荒木町9-7ナオビル1階","64597032","","マイクロリーフ","","0.00","PC","280.00","1.00","PC","280","22","302","","外税","3715","293","0","0","0","4008","2025/10/21","2025/10/21","2025/10/21","2025/10/21","1705548538","1","2025/10/21","01:19","2025/10/22","15:14"
"D","2025/10/21","498658","受領","1000020","ｃａｖａｃａｖａ（株式会社ワルツ）","細川大地","","株式会社ｅｆｆ","","-既定納品場所-","東京都新宿区荒木町9-7ナオビル1階","64596715","","ズッキーニ","","0.00","本","180.00","1.00","本","180","14","194","","外税","","","","","","","2025/10/21","2025/10/21","2025/10/21","2025/10/21","1705548538","2","2025/10/21","01:19","2025/10/22","15:14"
"D","2025/10/21","498658","受領","1000020","ｃａｖａｃａｖａ（株式会社ワルツ）","細川大地","","株式会社ｅｆｆ","","-既定納品場所-","東京都新宿区荒木町9-7ナオビル1階","64596724","","ラディッシュ/ラレシ","","0.00","束","180.00","1.00","束","180","14","194","","外税","","","","","","","2025/10/21","2025/10/21","2025/10/21","2025/10/21","1705548538","3","2025/10/21","01:19","2025/10/22","15:14"
"D","2025/10/21","498658","受領","1000020","ｃａｖａｃａｖａ（株式会社ワルツ）","細川大地","","株式会社ｅｆｆ","","-既定納品場所-","東京都新宿区荒木町9-7ナオビル1階","64596728","","ブロッコリー","","0.00","個","260.00","2.00","個","520","41","561","","外税","","","","","","","2025/10/21","2025/10/21","2025/10/21","2025/10/21","1705548538","4","2025/10/21","01:19","2025/10/22","15:14"
"D","2025/10/21","498658","受領","1000020","ｃａｖａｃａｖａ（株式会社ワルツ）","細川大地","","株式会社ｅｆｆ","","-既定納品場所-","東京都新宿区荒木町9-7ナオビル1階","64597028","","クレソン","","0.00","束","180.00","2.00","束","360","28","388","","外税","","","","","","","2025/10/21","2025/10/21","2025/10/21","2025/10/21","1705548538","5","2025/10/21","01:19","2025/10/22","15:14"
"D","2025/10/21","498658","受領","1000020","ｃａｖａｃａｖａ（株式会社ワルツ）","細川大地","","株式会社ｅｆｆ","","-既定納品場所-","東京都新宿区荒木町9-7ナオビル1階","64596729","","カリフラワー","","0.00","個","400.00","1.00","個","400","32","432","","外税","","","","","","","2025/10/21","2025/10/21","2025/10/21","2025/10/21","1705548538","6","2025/10/21","01:19","2025/10/22","15:14"
"D","2025/10/21","498658","受領","1000020","ｃａｖａｃａｖａ（株式会社ワルツ）","細川大地","","株式会社ｅｆｆ","","-既定納品場所-","東京都新宿区荒木町9-7ナオビル1階","64596778","","柿","","0.00","個","150.00","3.00","個","450","36","486","","外税","","","","","","","2025/10/21","2025/10/21","2025/10/21","2025/10/21","1705548538","7","2025/10/21","01:19","2025/10/22","15:14"
"D","2025/10/21","498658","受領","1000020","ｃａｖａｃａｖａ（株式会社ワルツ）","細川大地","","株式会社ｅｆｆ","","-既定納品場所-","東京都新宿区荒木町9-7ナオビル1階","64596635","","いんげん","","0.00","kg","2000.00","0.11","kg","220","17","237","","外税","","","","","","","2025/10/21","2025/10/21","2025/10/21","2025/10/21","1705548538","8","2025/10/21","01:19","2025/10/22","15:14"
"D","2025/10/21","498658","受領","1000020","ｃａｖａｃａｖａ（株式会社ワルツ）","細川大地","","株式会社ｅｆｆ","","-既定納品場所-","東京都新宿区荒木町9-7ナオビル1階","64596694","","レタス","","0.00","個","180.00","1.00","個","180","14","194","","外税","","","","","","","2025/10/21","2025/10/21","2025/10/21","2025/10/21","1705548538","9","2025/10/21","01:19","2025/10/22","15:14"
"D","2025/10/21","498658","受領","1000020","ｃａｖａｃａｖａ（株式会社ワルツ）","細川大地","","株式会社ｅｆｆ","","-既定納品場所-","東京都新宿区荒木町9-7ナオビル1階","64596990","","ピンクロッサ","","0.00","個","230.00","1.00","個","230","18","248","","外税","","","","","","","2025/10/21","2025/10/21","2025/10/21","2025/10/21","1705548538","10","2025/10/21","01:19","2025/10/22","15:14"
"D","2025/10/21","498658","受領","1000020","ｃａｖａｃａｖａ（株式会社ワルツ）","細川大地","","株式会社ｅｆｆ","","-既定納品場所-","東京都新宿区荒木町9-7ナオビル1階","64597014","","ベルギーエシャロット","","0.00","kg","1300.00","0.55","kg","715","57","772","","外税","","","","","","","2025/10/21","2025/10/21","2025/10/21","2025/10/21","1705548538","11","2025/10/21","01:19","2025/10/22","15:14"
"D","2025/10/22","498745","受領","1000020","ｃａｖａｃａｖａ（株式会社ワルツ）","細川大地","","株式会社武蔵屋","","-既定納品場所-","東京都新宿区荒木町9-7ナオビル1階","97806099","","フィーバーツリー　ジンジャーエール","200ml","24.00","本","175.00","6.00","本","1050","84","1134","","外税","1050","84","0","0","0","1134","2025/10/21","2025/10/22","2025/10/22","2025/10/22","1705842018","1","2025/10/21","20:02","2025/10/23","15:43"
"D","2025/10/22","498746","受領","1000020","ｃａｖａｃａｖａ（株式会社ワルツ）","細川大地","","株式会社カクヤス","","-既定納品場所-","東京都新宿区荒木町9-7ナオビル1階","94928124","","サッポロ  ラガー  中瓶（赤星）　500ML","500ML×20","20.00","本","288.00","2.00","本","576","0","576","","外税","576","0","0","0","0","576","2025/10/21","2025/10/22","2025/10/22","2025/10/22","1705842032","1","2025/10/21","20:02","2025/10/23","15:43"
"D","2025/10/22","498777","受領","1000020","ｃａｖａｃａｖａ（株式会社ワルツ）","細川大地","","有限会社ミナト商会","","-既定納品場所-","東京都新宿区荒木町9-7ナオビル1階","207531736","","カッテージチーズ","","1.00","PC","350.00","1.00","PC","350","0","350","","外税","2100","0","0","0","0","2100","2025/10/21","2025/10/22","2025/10/22","2025/10/22","1705876772","1","2025/10/21","21:57","2025/10/23","15:43"
"D","2025/10/22","498777","受領","1000020","ｃａｖａｃａｖａ（株式会社ワルツ）","細川大地","","有限会社ミナト商会","","-既定納品場所-","東京都新宿区荒木町9-7ナオビル1階","114466867","","ﾗﾛｯｶ　ミックスオリーブ","500ｇ","1.00","PC","1400.00","1.00","PC","1400","0","1400","","外税","","","","","","","2025/10/21","2025/10/22","2025/10/22","2025/10/22","1705876772","2","2025/10/21","21:57","2025/10/23","15:43"
"D","2025/10/22","498777","受領","1000020","ｃａｖａｃａｖａ（株式会社ワルツ）","細川大地","","有限会社ミナト商会","","-既定納品場所-","東京都新宿区荒木町9-7ナオビル1階","76327077","","ライプオリーブ（種なし）","4号","1.00","缶","350.00","1.00","缶","350","0","350","","外税","","","","","","","2025/10/21","2025/10/22","2025/10/22","2025/10/22","1705876772","3","2025/10/21","21:57","2025/10/23","15:43"
"D","2025/10/22","498778","受領","1000020","ｃａｖａｃａｖａ（株式会社ワルツ）","細川大地","","有限会社ミナト商会","","-既定納品場所-","東京都新宿区荒木町9-7ナオビル1階","114306512","","CA　マスカルポーネ　ラッテリエヴェネテ","500g","0.00","ヶ","1000.00","0.00","ヶ","0","0","0","","外税","1230","0","0","0","0","1230","2025/10/21","2025/10/22","2025/10/22","2025/10/22","1705877031","1","2025/10/21","21:57","2025/10/23","15:43"
"D","2025/10/22","498778","受領","1000020","ｃａｖａｃａｖａ（株式会社ワルツ）","細川大地","","有限会社ミナト商会","","-既定納品場所-","東京都新宿区荒木町9-7ナオビル1階","151614718","","三祐　パルマラット　マスカルポーネ","500ｇ","1.00","ヶ","1230.00","1.00","ヶ","1230","0","1230","","外税","","","","","","","2025/10/21","2025/10/22","2025/10/22","2025/10/22","1705877031","2","2025/10/21","21:57","2025/10/23","15:43"
"D","2025/10/22","499515","受領","1000020","ｃａｖａｃａｖａ（株式会社ワルツ）","板川　与志人","","株式会社カクヤス","","-既定納品場所-","東京都新宿区荒木町9-7ナオビル1階","55950664","","カナタﾞトﾞライ シﾞンシﾞャーエール 瓶　207ML","207ML×24","1.00","本","119.00","6.00","本","714","0","714","","外税","714","0","0","0","0","714","","2025/10/22","2025/10/22","2025/10/22","1707278778","1","","","2025/10/25","11:46"
"D","2025/10/23","498966","受領","1000020","ｃａｖａｃａｖａ（株式会社ワルツ）","板川　与志人","","株式会社穂高リネンサプライ","","-既定納品場所-","東京都新宿区荒木町9-7ナオビル1階","66177757","","ナフキン","","0.00","未指定","35.00","19.00","枚","665","0","665","","外税","1215","0","0","0","0","1215","","2025/10/23","2025/10/23","2025/10/23","1706247386","1","","","2025/10/24","12:02"
"D","2025/10/23","498966","受領","1000020","ｃａｖａｃａｖａ（株式会社ワルツ）","板川　与志人","","株式会社穂高リネンサプライ","","-既定納品場所-","東京都新宿区荒木町9-7ナオビル1階","66106839","","Ｙシャツ","","0.00","枚","135.00","3.00","枚","405","0","405","","外税","","","","","","","","2025/10/23","2025/10/23","2025/10/23","1706247386","2","","","2025/10/24","12:02"
"D","2025/10/23","498966","受領","1000020","ｃａｖａｃａｖａ（株式会社ワルツ）","板川　与志人","","株式会社穂高リネンサプライ","","-既定納品場所-","東京都新宿区荒木町9-7ナオビル1階","66010254","","コックコート","","0.00","未指定","145.00","1.00","枚","145","0","145","","外税","","","","","","","","2025/10/23","2025/10/23","2025/10/23","1706247386","3","","","2025/10/24","12:02"
"D","2025/10/23","499402","受領","1000020","ｃａｖａｃａｖａ（株式会社ワルツ）","板川　与志人","","株式会社丸昌","","-既定納品場所-","東京都新宿区荒木町9-7ナオビル1階","144864800","","生骨切りハモ　国産","500ｇ","0.00","未指定","2100.00","1.00","PC","2100","0","2100","","外税","4300","0","0","0","0","4300","","2025/10/23","2025/10/23","2025/10/23","1706967374","1","","","2025/10/24","12:02"
"D","2025/10/23","499402","受領","1000020","ｃａｖａｃａｖａ（株式会社ワルツ）","板川　与志人","","株式会社丸昌","","-既定納品場所-","東京都新宿区荒木町9-7ナオビル1階","56863232","","オススメ鮮魚情報","ボイル海老","0.00","未指定","2200.00","1.00","PC","2200","0","2200","","外税","","","","","","","","2025/10/23","2025/10/23","2025/10/23","1706967374","2","","","2025/10/24","12:02"
"D","2025/10/24","499107","受領","1000020","ｃａｖａｃａｖａ（株式会社ワルツ）","細川大地","","株式会社丸昌","","-既定納品場所-","東京都新宿区荒木町9-7ナオビル1階","55950163","","活〆鯛　２ｋ","","0.00","本","1600.00","2.00","kg","3200","0","3200","","外税","6350","0","0","0","0","6350","2025/10/23","2025/10/23","2025/10/24","2025/10/24","1706408968","1","2025/10/23","00:47","2025/10/24","17:22"
"D","2025/10/24","499107","受領","1000020","ｃａｖａｃａｖａ（株式会社ワルツ）","細川大地","","株式会社丸昌","","-既定納品場所-","東京都新宿区荒木町9-7ナオビル1階","55950130","","野〆養殖真鯛　２ｋ　３枚卸し","","0.00","未指定","1500.00","2.10","kg","3150","0","3150","","外税","","","","","","","2025/10/23","2025/10/23","2025/10/24","2025/10/24","1706408968","2","2025/10/23","00:47","2025/10/24","17:22"
"D","2025/10/24","499167","受領","1000020","ｃａｖａｃａｖａ（株式会社ワルツ）","細川大地","","有限会社ミナト商会","","-既定納品場所-","東京都新宿区荒木町9-7ナオビル1階","170278822","","イタリアット　冷凍　ストラッチャテッラ","２００ｇ","1.00","PC","890.00","1.00","PC","890","0","890","","外税","1260","0","0","0","0","1260","2025/10/23","2025/10/24","2025/10/24","2025/10/24","1706683696","1","2025/10/23","16:23","2025/10/24","17:22"
"D","2025/10/24","499167","受領","1000020","ｃａｖａｃａｖａ（株式会社ワルツ）","細川大地","","有限会社ミナト商会","","-既定納品場所-","東京都新宿区荒木町9-7ナオビル1階","114248022","","パートブリック","10枚入","0.00","袋","370.00","1.00","袋","370","0","370","","外税","","","","","","","2025/10/23","2025/10/24","2025/10/24","2025/10/24","1706683696","2","2025/10/23","16:23","2025/10/24","17:22"
"D","2025/10/24","499250","受領","1000020","ｃａｖａｃａｖａ（株式会社ワルツ）","細川大地","","有限会社ミナト商会","","-既定納品場所-","東京都新宿区荒木町9-7ナオビル1階","67512371","","タイガー　コーンスターチ","400g","1.00","PC","240.00","1.00","PC","240","0","240","","外税","530","0","0","0","0","530","2025/10/23","2025/10/24","2025/10/24","2025/10/24","1706788270","1","2025/10/23","20:36","2025/10/24","17:22"
"D","2025/10/24","499250","受領","1000020","ｃａｖａｃａｖａ（株式会社ワルツ）","細川大地","","有限会社ミナト商会","","-既定納品場所-","東京都新宿区荒木町9-7ナオビル1階","64423727","","グラニュー糖","1kg","1.00","PC","290.00","1.00","PC","290","0","290","","外税","","","","","","","2025/10/23","2025/10/24","2025/10/24","2025/10/24","1706788270","2","2025/10/23","20:36","2025/10/24","17:22"
"D","2025/10/25","499171","受領","1000020","ｃａｖａｃａｖａ（株式会社ワルツ）","細川大地","","株式会社東京めいらく","","-既定納品場所-","東京都新宿区荒木町9-7ナオビル1階","56150519","","北海道フレッシュクリーム３８％　１Ｌ","１Ｌ","1.00","本","1166.00","1.00","本","1166","0","1166","","外税","3257","0","0","0","0","3257","2025/10/23","2025/10/24","2025/10/25","2025/10/25","1706685098","1","2025/10/23","16:25","2025/10/30","15:58"
"D","2025/10/25","499171","受領","1000020","ｃａｖａｃａｖａ（株式会社ワルツ）","細川大地","","株式会社東京めいらく","","-既定納品場所-","東京都新宿区荒木町9-7ナオビル1階","56150488","","パーチバター（無塩）よつ葉","４５０ｇ","30.00","C/S","918.00","1.00","個","918","0","918","","外税","","","","","","","2025/10/23","2025/10/24","2025/10/25","2025/10/25","1706685098","2","2025/10/23","16:25","2025/10/30","15:58"
"D","2025/10/25","499171","受領","1000020","ｃａｖａｃａｖａ（株式会社ワルツ）","細川大地","","株式会社東京めいらく","","-既定納品場所-","東京都新宿区荒木町9-7ナオビル1階","67893517","","ＢＬＡＮＣ１８　１Ｌ","１Ｌ","12.00","C/S","883.00","1.00","本","883","0","883","","外税","","","","","","","2025/10/23","2025/10/24","2025/10/25","2025/10/25","1706685098","3","2025/10/23","16:25","2025/10/30","15:58"
"D","2025/10/25","499171","受領","1000020","ｃａｖａｃａｖａ（株式会社ワルツ）","細川大地","","株式会社東京めいらく","","-既定納品場所-","東京都新宿区荒木町9-7ナオビル1階","109171859","","ＴＰ）ＩＧＰ塩　フィーノ　１ｋｇ","","12.00","C/S","290.00","1.00","袋","290","0","290","","外税","","","","","","","2025/10/23","2025/10/24","2025/10/25","2025/10/25","1706685098","4","2025/10/23","16:25","2025/10/30","15:58"
"D","2025/10/25","499468","受領","1000020","ｃａｖａｃａｖａ（株式会社ワルツ）","細川大地","","有限会社ミナト商会","","-既定納品場所-","東京都新宿区荒木町9-7ナオビル1階","101528218","","ＡＹ　ココナッツミルク","420ｇ","1.00","缶","370.00","3.00","缶","1110","0","1110","","外税","2680","0","0","0","0","2680","2025/10/24","2025/10/25","2025/10/25","2025/10/25","1707226912","1","2025/10/24","17:28","2025/10/30","15:58"
"D","2025/10/25","499468","受領","1000020","ｃａｖａｃａｖａ（株式会社ワルツ）","細川大地","","有限会社ミナト商会","","-既定納品場所-","東京都新宿区荒木町9-7ナオビル1階","121191409","","ファインラップ","30cm×100m","1.00","本","290.00","1.00","本","290","0","290","","外税","","","","","","","2025/10/24","2025/10/25","2025/10/25","2025/10/25","1707226912","2","2025/10/24","17:28","2025/10/30","15:58"
"D","2025/10/25","499468","受領","1000020","ｃａｖａｃａｖａ（株式会社ワルツ）","細川大地","","有限会社ミナト商会","","-既定納品場所-","東京都新宿区荒木町9-7ナオビル1階","95146888","","メニュー　きのこペースト（トリュフ風味）","4号","0.00","缶","1280.00","1.00","缶","1280","0","1280","","外税","","","","","","","2025/10/24","2025/10/25","2025/10/25","2025/10/25","1707226912","3","2025/10/24","17:28","2025/10/30","15:58"
"D","2025/10/25","499582","受領","1000020","ｃａｖａｃａｖａ（株式会社ワルツ）","細川大地","","株式会社丸昌","","-既定納品場所-","東京都新宿区荒木町9-7ナオビル1階","144864800","","生骨切りハモ　国産","500ｇ","0.00","未指定","2100.00","1.00","PC","2100","0","2100","","外税","4800","0","0","0","0","4800","2025/10/24","2025/10/25","2025/10/25","2025/10/25","1707326667","1","2025/10/24","22:21","2025/10/30","15:58"
"D","2025/10/25","499582","受領","1000020","ｃａｖａｃａｖａ（株式会社ワルツ）","細川大地","","株式会社丸昌","","-既定納品場所-","東京都新宿区荒木町9-7ナオビル1階","56863229","","地蛤　50ｇ","３０ｇ","0.00","未指定","2500.00","1.08","kg","2700","0","2700","","外税","","","","","","","2025/10/24","2025/10/25","2025/10/25","2025/10/25","1707326667","2","2025/10/24","22:21","2025/10/30","15:58"
"D","2025/10/25","499584","受領","1000020","ｃａｖａｃａｖａ（株式会社ワルツ）","細川大地","","株式会社ｅｆｆ","","-既定納品場所-","東京都新宿区荒木町9-7ナオビル1階","64596728","","ブロッコリー","","0.00","個","260.00","2.00","個","520","41","561","","外税","4137","327","0","0","0","4464","2025/10/24","2025/10/25","2025/10/25","2025/10/25","1707329410","1","2025/10/24","22:25","2025/10/30","15:58"
"D","2025/10/25","499584","受領","1000020","ｃａｖａｃａｖａ（株式会社ワルツ）","細川大地","","株式会社ｅｆｆ","","-既定納品場所-","東京都新宿区荒木町9-7ナオビル1階","64597020","","セルフィーユ/チャービル","","0.00","PC","230.00","1.00","PC","230","18","248","","外税","","","","","","","2025/10/24","2025/10/25","2025/10/25","2025/10/25","1707329410","2","2025/10/24","22:25","2025/10/30","15:58"
"D","2025/10/25","499584","受領","1000020","ｃａｖａｃａｖａ（株式会社ワルツ）","細川大地","","株式会社ｅｆｆ","","-既定納品場所-","東京都新宿区荒木町9-7ナオビル1階","64597079","","トレビス","","0.00","個","400.00","1.00","個","400","32","432","","外税","","","","","","","2025/10/24","2025/10/25","2025/10/25","2025/10/25","1707329410","3","2025/10/24","22:25","2025/10/30","15:58"
"D","2025/10/25","499584","受領","1000020","ｃａｖａｃａｖａ（株式会社ワルツ）","細川大地","","株式会社ｅｆｆ","","-既定納品場所-","東京都新宿区荒木町9-7ナオビル1階","64596764","","アンディーブ","","0.00","本","380.00","2.00","本","760","60","820","","外税","","","","","","","2025/10/24","2025/10/25","2025/10/25","2025/10/25","1707329410","4","2025/10/24","22:25","2025/10/30","15:58"
"D","2025/10/25","499584","受領","1000020","ｃａｖａｃａｖａ（株式会社ワルツ）","細川大地","","株式会社ｅｆｆ","","-既定納品場所-","東京都新宿区荒木町9-7ナオビル1階","64596778","","柿","","0.00","個","180.00","6.00","個","1080","86","1166","","外税","","","","","","","2025/10/24","2025/10/25","2025/10/25","2025/10/25","1707329410","5","2025/10/24","22:25","2025/10/30","15:58"
"D","2025/10/25","499584","受領","1000020","ｃａｖａｃａｖａ（株式会社ワルツ）","細川大地","","株式会社ｅｆｆ","","-既定納品場所-","東京都新宿区荒木町9-7ナオビル1階","64597028","","クレソン","","0.00","束","180.00","2.00","束","360","28","388","","外税","","","","","","","2025/10/24","2025/10/25","2025/10/25","2025/10/25","1707329410","6","2025/10/24","22:25","2025/10/30","15:58"
"D","2025/10/25","499584","受領","1000020","ｃａｖａｃａｖａ（株式会社ワルツ）","細川大地","","株式会社ｅｆｆ","","-既定納品場所-","東京都新宿区荒木町9-7ナオビル1階","64597004","","玉ねぎ","","0.00","kg","350.00","2.25","kg","787","62","849","","外税","","","","","","","2025/10/24","2025/10/25","2025/10/25","2025/10/25","1707329410","7","2025/10/24","22:25","2025/10/30","15:58"
"D","2025/10/25","499585","受領","1000020","ｃａｖａｃａｖａ（株式会社ワルツ）","細川大地","","有限会社ミナト商会","","-既定納品場所-","東京都新宿区荒木町9-7ナオビル1階","207531736","","カッテージチーズ","","1.00","PC","350.00","2.00","PC","700","0","700","","外税","6440","0","0","0","0","6440","2025/10/24","2025/10/25","2025/10/25","2025/10/25","1707332249","1","2025/10/24","22:29","2025/10/30","15:58"
"D","2025/10/25","499585","受領","1000020","ｃａｖａｃａｖａ（株式会社ワルツ）","細川大地","","有限会社ミナト商会","","-既定納品場所-","東京都新宿区荒木町9-7ナオビル1階","90929665","","ジオフーズ　トリュフソース黒","200g","0.00","本","2100.00","1.00","本","2100","0","2100","","外税","","","","","","","2025/10/24","2025/10/25","2025/10/25","2025/10/25","1707332249","2","2025/10/24","22:29","2025/10/30","15:58"
"D","2025/10/25","499585","受領","1000020","ｃａｖａｃａｖａ（株式会社ワルツ）","細川大地","","有限会社ミナト商会","","-既定納品場所-","東京都新宿区荒木町9-7ナオビル1階","139875860","","生クリーム　３５％","200ｍｌ","1.00","本","520.00","3.00","個","1560","0","1560","","外税","","","","","","","2025/10/24","2025/10/25","2025/10/25","2025/10/25","1707332249","3","2025/10/24","22:29","2025/10/30","15:58"
"D","2025/10/25","499585","受領","1000020","ｃａｖａｃａｖａ（株式会社ワルツ）","細川大地","","有限会社ミナト商会","","-既定納品場所-","東京都新宿区荒木町9-7ナオビル1階","82826130","","森永　無塩バター","450g","1.00","ヶ","940.00","0.00","ヶ","0","0","0","","外税","","","","","","","2025/10/24","2025/10/25","2025/10/25","2025/10/25","1707332249","4","2025/10/24","22:29","2025/10/30","15:58"
"D","2025/10/25","499585","受領","1000020","ｃａｖａｃａｖａ（株式会社ワルツ）","細川大地","","有限会社ミナト商会","","-既定納品場所-","東京都新宿区荒木町9-7ナオビル1階","118241188","","森永　無塩バター（冷凍）","450g","0.00","PC","1040.00","2.00","PC","2080","0","2080","","外税","","","","","","","2025/10/24","2025/10/25","2025/10/25","2025/10/25","1707332249","5","2025/10/24","22:29","2025/10/30","15:58"
"D","2025/10/25","499592","受領","1000020","ｃａｖａｃａｖａ（株式会社ワルツ）","細川大地","","株式会社ｅｆｆ","","-既定納品場所-","東京都新宿区荒木町9-7ナオビル1階","64596724","","ラディッシュ/ラレシ","","0.00","束","180.00","2.00","束","360","28","388","","外税","710","56","0","0","0","766","2025/10/24","2025/10/25","2025/10/25","2025/10/25","1707333322","1","2025/10/24","22:31","2025/10/30","15:58"
"D","2025/10/25","499592","受領","1000020","ｃａｖａｃａｖａ（株式会社ワルツ）","細川大地","","株式会社ｅｆｆ","","-既定納品場所-","東京都新宿区荒木町9-7ナオビル1階","64597029","","赤水菜","","0.00","PC","350.00","1.00","PC","350","28","378","","外税","","","","","","","2025/10/24","2025/10/25","2025/10/25","2025/10/25","1707333322","2","2025/10/24","22:31","2025/10/30","15:58"
"D","2025/10/25","499760","受領","1000020","ｃａｖａｃａｖａ（株式会社ワルツ）","板川　与志人","","有限会社ミナト商会","","-既定納品場所-","東京都新宿区荒木町9-7ナオビル1階","101528218","","ＡＹ　ココナッツミルク","420ｇ","1.00","缶","370.00","-3.00","缶","-1110","0","-1110","","外税","-480","0","0","0","0","-480","","2025/10/25","2025/10/25","2025/10/25","1707581898","1","","","2025/10/30","15:58"
"D","2025/10/25","499760","受領","1000020","ｃａｖａｃａｖａ（株式会社ワルツ）","板川　与志人","","有限会社ミナト商会","","-既定納品場所-","東京都新宿区荒木町9-7ナオビル1階","142021038","","トマトコーポ　ココナッツミルク","400ml","0.00","本","210.00","3.00","本","630","0","630","","外税","","","","","","","","2025/10/25","2025/10/25","2025/10/25","1707581898","2","","","2025/10/30","15:58"
"D","2025/10/27","500004","受領","1000020","ｃａｖａｃａｖａ（株式会社ワルツ）","板川　与志人","","株式会社穂高リネンサプライ","","-既定納品場所-","東京都新宿区荒木町9-7ナオビル1階","66177757","","ナフキン","","0.00","未指定","35.00","18.00","枚","630","0","630","","外税","775","0","0","0","0","775","","2025/10/27","2025/10/27","2025/10/27","1708168612","1","","","2025/10/30","15:58"
"D","2025/10/27","500004","受領","1000020","ｃａｖａｃａｖａ（株式会社ワルツ）","板川　与志人","","株式会社穂高リネンサプライ","","-既定納品場所-","東京都新宿区荒木町9-7ナオビル1階","66010254","","コックコート","","0.00","未指定","145.00","1.00","枚","145","0","145","","外税","","","","","","","","2025/10/27","2025/10/27","2025/10/27","1708168612","2","","","2025/10/30","15:58"
"D","2025/10/29","500286","受領","1000020","ｃａｖａｃａｖａ（株式会社ワルツ）","細川大地","","株式会社カクヤス","","-既定納品場所-","東京都新宿区荒木町9-7ナオビル1階","55950645","","ウィルキンソン タンサン　ペット 500ML","500ＭＬ × 1本","24.00","本","134.00","2.00","本","268","0","268","","外税","268","0","0","0","0","268","2025/10/28","2025/10/29","2025/10/29","2025/10/29","1708892091","1","2025/10/28","17:29","2025/10/30","15:58"
"D","2025/10/30","500427","受領","1000020","ｃａｖａｃａｖａ（株式会社ワルツ）","細川大地","","株式会社東京めいらく","","-既定納品場所-","東京都新宿区荒木町9-7ナオビル1階","56150496","","牛乳","１Ｌ　成分無調整","12.00","C/S","245.00","3.00","本","735","0","735","","外税","735","0","0","0","0","735","2025/10/29","2025/10/29","2025/10/30","2025/10/30","1709169688","1","2025/10/29","13:18","2025/10/31","11:38"
"D","2025/10/30","500428","受領","1000020","ｃａｖａｃａｖａ（株式会社ワルツ）","細川大地","","株式会社ｅｆｆ","","-既定納品場所-","東京都新宿区荒木町9-7ナオビル1階","64596724","","ラディッシュ/ラレシ","","0.00","束","180.00","2.00","束","360","28","388","","外税","2980","235","0","0","0","3215","2025/10/29","2025/10/30","2025/10/30","2025/10/30","1709169701","1","2025/10/29","13:18","2025/10/31","11:38"
"D","2025/10/30","500428","受領","1000020","ｃａｖａｃａｖａ（株式会社ワルツ）","細川大地","","株式会社ｅｆｆ","","-既定納品場所-","東京都新宿区荒木町9-7ナオビル1階","64596728","","ブロッコリー","","0.00","個","300.00","1.00","個","300","24","324","","外税","","","","","","","2025/10/29","2025/10/30","2025/10/30","2025/10/30","1709169701","2","2025/10/29","13:18","2025/10/31","11:38"
"D","2025/10/30","500428","受領","1000020","ｃａｖａｃａｖａ（株式会社ワルツ）","細川大地","","株式会社ｅｆｆ","","-既定納品場所-","東京都新宿区荒木町9-7ナオビル1階","64596778","","柿","","0.00","個","150.00","3.00","個","450","36","486","","外税","","","","","","","2025/10/29","2025/10/30","2025/10/30","2025/10/30","1709169701","3","2025/10/29","13:18","2025/10/31","11:38"
"D","2025/10/30","500428","受領","1000020","ｃａｖａｃａｖａ（株式会社ワルツ）","細川大地","","株式会社ｅｆｆ","","-既定納品場所-","東京都新宿区荒木町9-7ナオビル1階","64597028","","クレソン","","0.00","束","180.00","2.00","束","360","28","388","","外税","","","","","","","2025/10/29","2025/10/30","2025/10/30","2025/10/30","1709169701","4","2025/10/29","13:18","2025/10/31","11:38"
"D","2025/10/30","500428","受領","1000020","ｃａｖａｃａｖａ（株式会社ワルツ）","細川大地","","株式会社ｅｆｆ","","-既定納品場所-","東京都新宿区荒木町9-7ナオビル1階","64597029","","赤水菜","","0.00","PC","350.00","1.00","PC","350","28","378","","外税","","","","","","","2025/10/29","2025/10/30","2025/10/30","2025/10/30","1709169701","5","2025/10/29","13:18","2025/10/31","11:38"
"D","2025/10/30","500428","受領","1000020","ｃａｖａｃａｖａ（株式会社ワルツ）","細川大地","","株式会社ｅｆｆ","","-既定納品場所-","東京都新宿区荒木町9-7ナオビル1階","64596694","","レタス","","0.00","個","230.00","1.00","個","230","18","248","","外税","","","","","","","2025/10/29","2025/10/30","2025/10/30","2025/10/30","1709169701","6","2025/10/29","13:18","2025/10/31","11:38"
"D","2025/10/30","500428","受領","1000020","ｃａｖａｃａｖａ（株式会社ワルツ）","細川大地","","株式会社ｅｆｆ","","-既定納品場所-","東京都新宿区荒木町9-7ナオビル1階","64596635","","いんげん","","0.00","kg","2000.00","0.21","kg","420","33","453","","外税","","","","","","","2025/10/29","2025/10/30","2025/10/30","2025/10/30","1709169701","7","2025/10/29","13:18","2025/10/31","11:38"
"D","2025/10/30","500428","受領","1000020","ｃａｖａｃａｖａ（株式会社ワルツ）","細川大地","","株式会社ｅｆｆ","","-既定納品場所-","東京都新宿区荒木町9-7ナオビル1階","64597005","","かぶ","5玉","0.00","束","280.00","1.00","束","280","22","302","","外税","","","","","","","2025/10/29","2025/10/30","2025/10/30","2025/10/30","1709169701","8","2025/10/29","13:18","2025/10/31","11:38"
"D","2025/10/30","500428","受領","1000020","ｃａｖａｃａｖａ（株式会社ワルツ）","細川大地","","株式会社ｅｆｆ","","-既定納品場所-","東京都新宿区荒木町9-7ナオビル1階","64597020","","セルフィーユ/チャービル","","0.00","PC","230.00","1.00","PC","230","18","248","","外税","","","","","","","2025/10/29","2025/10/30","2025/10/30","2025/10/30","1709169701","9","2025/10/29","13:18","2025/10/31","11:38"
"D","2025/10/30","500429","受領","1000020","ｃａｖａｃａｖａ（株式会社ワルツ）","細川大地","","株式会社丸昌","","-既定納品場所-","東京都新宿区荒木町9-7ナオビル1階","55950163","","活〆鯛　２ｋ","","0.00","本","1600.00","2.30","kg","3680","0","3680","","外税","13400","0","0","0","0","13400","2025/10/29","2025/10/30","2025/10/30","2025/10/30","1709169703","1","2025/10/29","13:18","2025/10/31","11:38"
"D","2025/10/30","500429","受領","1000020","ｃａｖａｃａｖａ（株式会社ワルツ）","細川大地","","株式会社丸昌","","-既定納品場所-","東京都新宿区荒木町9-7ナオビル1階","56863232","","オススメ鮮魚情報","太刀魚","0.00","未指定","3600.00","2.70","kg","9720","0","9720","","外税","","","","","","","2025/10/29","2025/10/30","2025/10/30","2025/10/30","1709169703","2","2025/10/29","13:18","2025/10/31","11:38"
"D","2025/10/30","500430","受領","1000020","ｃａｖａｃａｖａ（株式会社ワルツ）","細川大地","","有限会社ミナト商会","","-既定納品場所-","東京都新宿区荒木町9-7ナオビル1階","207531736","","カッテージチーズ","","1.00","PC","350.00","1.00","PC","350","0","350","","外税","3510","0","0","0","0","3510","2025/10/29","2025/10/30","2025/10/30","2025/10/30","1709169705","1","2025/10/29","13:18","2025/10/31","11:38"
"D","2025/10/30","500430","受領","1000020","ｃａｖａｃａｖａ（株式会社ワルツ）","細川大地","","有限会社ミナト商会","","-既定納品場所-","東京都新宿区荒木町9-7ナオビル1階","121191409","","ファインラップ","30cm×100m","1.00","本","290.00","2.00","本","580","0","580","","外税","","","","","","","2025/10/29","2025/10/30","2025/10/30","2025/10/30","1709169705","2","2025/10/29","13:18","2025/10/31","11:38"
"D","2025/10/30","500430","受領","1000020","ｃａｖａｃａｖａ（株式会社ワルツ）","細川大地","","有限会社ミナト商会","","-既定納品場所-","東京都新宿区荒木町9-7ナオビル1階","64828557","","サバトン　マロンペースト","1kg","1.00","缶","2290.00","1.00","缶","2290","0","2290","","外税","","","","","","","2025/10/29","2025/10/30","2025/10/30","2025/10/30","1709169705","3","2025/10/29","13:18","2025/10/31","11:38"
"D","2025/10/30","500430","受領","1000020","ｃａｖａｃａｖａ（株式会社ワルツ）","細川大地","","有限会社ミナト商会","","-既定納品場所-","東京都新宿区荒木町9-7ナオビル1階","64423727","","グラニュー糖","1kg","1.00","PC","290.00","1.00","PC","290","0","290","","外税","","","","","","","2025/10/29","2025/10/30","2025/10/30","2025/10/30","1709169705","4","2025/10/29","13:18","2025/10/31","11:38"
"D","2025/10/30","500431","受領","1000020","ｃａｖａｃａｖａ（株式会社ワルツ）","細川大地","","株式会社東京めいらく","","-既定納品場所-","東京都新宿区荒木町9-7ナオビル1階","67893516","","Ｆ）スポンジケーキ６号","","12.00","C/S","590.00","1.00","箱","590","0","590","","外税","590","0","0","0","0","590","2025/10/29","2025/10/29","2025/10/30","2025/10/30","1709170733","1","2025/10/29","13:20","2025/10/31","11:38"
"D","2025/10/30","500507","受領","1000020","ｃａｖａｃａｖａ（株式会社ワルツ）","板川　与志人","","株式会社穂高リネンサプライ","","-既定納品場所-","東京都新宿区荒木町9-7ナオビル1階","66177757","","ナフキン","","0.00","未指定","35.00","22.00","枚","770","0","770","","外税","805","0","0","0","0","805","","2025/10/30","2025/10/30","2025/10/30","1709353615","1","","","2025/10/31","11:38"
"D","2025/10/30","500507","受領","1000020","ｃａｖａｃａｖａ（株式会社ワルツ）","板川　与志人","","株式会社穂高リネンサプライ","","-既定納品場所-","東京都新宿区荒木町9-7ナオビル1階","66177757","","ナフキン","","0.00","未指定","35.00","1.00","枚","35","0","35","","外税","","","","","","","","2025/10/30","2025/10/30","2025/10/30","1709353615","2","","","2025/10/31","11:38"
"D","2025/10/30","500535","受領","1000020","ｃａｖａｃａｖａ（株式会社ワルツ）","細川大地","","株式会社ｅｆｆ","","-既定納品場所-","東京都新宿区荒木町9-7ナオビル1階","64596724","","ラディッシュ/ラレシ","","0.00","束","180.00","1.00","束","180","14","194","","外税","1230","98","0","0","0","1328","2025/10/29","2025/10/30","2025/10/30","2025/10/30","1709413164","1","2025/10/29","21:48","2025/10/31","11:38"
"D","2025/10/30","500535","受領","1000020","ｃａｖａｃａｖａ（株式会社ワルツ）","細川大地","","株式会社ｅｆｆ","","-既定納品場所-","東京都新宿区荒木町9-7ナオビル1階","64596778","","柿","","0.00","個","150.00","2.00","個","300","24","324","","外税","","","","","","","2025/10/29","2025/10/30","2025/10/30","2025/10/30","1709413164","2","2025/10/29","21:48","2025/10/31","11:38"
"D","2025/10/30","500535","受領","1000020","ｃａｖａｃａｖａ（株式会社ワルツ）","細川大地","","株式会社ｅｆｆ","","-既定納品場所-","東京都新宿区荒木町9-7ナオビル1階","64597029","","赤水菜","","0.00","PC","350.00","1.00","PC","350","28","378","","外税","","","","","","","2025/10/29","2025/10/30","2025/10/30","2025/10/30","1709413164","3","2025/10/29","21:48","2025/10/31","11:38"
"D","2025/10/30","500535","受領","1000020","ｃａｖａｃａｖａ（株式会社ワルツ）","細川大地","","株式会社ｅｆｆ","","-既定納品場所-","東京都新宿区荒木町9-7ナオビル1階","64597079","","トレビス","","0.00","個","400.00","1.00","個","400","32","432","","外税","","","","","","","2025/10/29","2025/10/30","2025/10/30","2025/10/30","1709413164","4","2025/10/29","21:48","2025/10/31","11:38"
"F"
